USE [master]
GO
/****** Object:  Database [Inventory]    Script Date: 09/01/2020 21:23:06 ******/
CREATE DATABASE [Inventory]
 CONTAINMENT = NONE
 ON  PRIMARY 
( NAME = N'Inventory', FILENAME = N'C:\Program Files\Microsoft SQL Server\MSSQL13.MSSQLSERVER\MSSQL\DATA\Inventory.mdf' , SIZE = 8192KB , MAXSIZE = UNLIMITED, FILEGROWTH = 65536KB )
 LOG ON 
( NAME = N'Inventory_log', FILENAME = N'C:\Program Files\Microsoft SQL Server\MSSQL13.MSSQLSERVER\MSSQL\DATA\Inventory_log.ldf' , SIZE = 8192KB , MAXSIZE = 2048GB , FILEGROWTH = 65536KB )
GO
ALTER DATABASE [Inventory] SET COMPATIBILITY_LEVEL = 130
GO
IF (1 = FULLTEXTSERVICEPROPERTY('IsFullTextInstalled'))
begin
EXEC [Inventory].[dbo].[sp_fulltext_database] @action = 'enable'
end
GO
ALTER DATABASE [Inventory] SET ANSI_NULL_DEFAULT OFF 
GO
ALTER DATABASE [Inventory] SET ANSI_NULLS OFF 
GO
ALTER DATABASE [Inventory] SET ANSI_PADDING OFF 
GO
ALTER DATABASE [Inventory] SET ANSI_WARNINGS OFF 
GO
ALTER DATABASE [Inventory] SET ARITHABORT OFF 
GO
ALTER DATABASE [Inventory] SET AUTO_CLOSE ON 
GO
ALTER DATABASE [Inventory] SET AUTO_SHRINK OFF 
GO
ALTER DATABASE [Inventory] SET AUTO_UPDATE_STATISTICS ON 
GO
ALTER DATABASE [Inventory] SET CURSOR_CLOSE_ON_COMMIT OFF 
GO
ALTER DATABASE [Inventory] SET CURSOR_DEFAULT  GLOBAL 
GO
ALTER DATABASE [Inventory] SET CONCAT_NULL_YIELDS_NULL OFF 
GO
ALTER DATABASE [Inventory] SET NUMERIC_ROUNDABORT OFF 
GO
ALTER DATABASE [Inventory] SET QUOTED_IDENTIFIER OFF 
GO
ALTER DATABASE [Inventory] SET RECURSIVE_TRIGGERS OFF 
GO
ALTER DATABASE [Inventory] SET  ENABLE_BROKER 
GO
ALTER DATABASE [Inventory] SET AUTO_UPDATE_STATISTICS_ASYNC OFF 
GO
ALTER DATABASE [Inventory] SET DATE_CORRELATION_OPTIMIZATION OFF 
GO
ALTER DATABASE [Inventory] SET TRUSTWORTHY OFF 
GO
ALTER DATABASE [Inventory] SET ALLOW_SNAPSHOT_ISOLATION OFF 
GO
ALTER DATABASE [Inventory] SET PARAMETERIZATION SIMPLE 
GO
ALTER DATABASE [Inventory] SET READ_COMMITTED_SNAPSHOT ON 
GO
ALTER DATABASE [Inventory] SET HONOR_BROKER_PRIORITY OFF 
GO
ALTER DATABASE [Inventory] SET RECOVERY SIMPLE 
GO
ALTER DATABASE [Inventory] SET  MULTI_USER 
GO
ALTER DATABASE [Inventory] SET PAGE_VERIFY CHECKSUM  
GO
ALTER DATABASE [Inventory] SET DB_CHAINING OFF 
GO
ALTER DATABASE [Inventory] SET FILESTREAM( NON_TRANSACTED_ACCESS = OFF ) 
GO
ALTER DATABASE [Inventory] SET TARGET_RECOVERY_TIME = 60 SECONDS 
GO
ALTER DATABASE [Inventory] SET DELAYED_DURABILITY = DISABLED 
GO
ALTER DATABASE [Inventory] SET QUERY_STORE = OFF
GO
USE [Inventory]
GO
ALTER DATABASE SCOPED CONFIGURATION SET LEGACY_CARDINALITY_ESTIMATION = OFF;
GO
ALTER DATABASE SCOPED CONFIGURATION FOR SECONDARY SET LEGACY_CARDINALITY_ESTIMATION = PRIMARY;
GO
ALTER DATABASE SCOPED CONFIGURATION SET MAXDOP = 0;
GO
ALTER DATABASE SCOPED CONFIGURATION FOR SECONDARY SET MAXDOP = PRIMARY;
GO
ALTER DATABASE SCOPED CONFIGURATION SET PARAMETER_SNIFFING = ON;
GO
ALTER DATABASE SCOPED CONFIGURATION FOR SECONDARY SET PARAMETER_SNIFFING = PRIMARY;
GO
ALTER DATABASE SCOPED CONFIGURATION SET QUERY_OPTIMIZER_HOTFIXES = OFF;
GO
ALTER DATABASE SCOPED CONFIGURATION FOR SECONDARY SET QUERY_OPTIMIZER_HOTFIXES = PRIMARY;
GO
USE [Inventory]
GO
/****** Object:  Table [dbo].[__MigrationHistory]    Script Date: 09/01/2020 21:23:07 ******/
SET ANSI_NULLS ON
GO
SET QUOTED_IDENTIFIER ON
GO
CREATE TABLE [dbo].[__MigrationHistory](
	[MigrationId] [nvarchar](150) NOT NULL,
	[ContextKey] [nvarchar](300) NOT NULL,
	[Model] [varbinary](max) NOT NULL,
	[ProductVersion] [nvarchar](32) NOT NULL,
 CONSTRAINT [PK_dbo.__MigrationHistory] PRIMARY KEY CLUSTERED 
(
	[MigrationId] ASC,
	[ContextKey] ASC
)WITH (PAD_INDEX = OFF, STATISTICS_NORECOMPUTE = OFF, IGNORE_DUP_KEY = OFF, ALLOW_ROW_LOCKS = ON, ALLOW_PAGE_LOCKS = ON) ON [PRIMARY]
) ON [PRIMARY] TEXTIMAGE_ON [PRIMARY]
GO
/****** Object:  Table [dbo].[AspNetRoles]    Script Date: 09/01/2020 21:23:07 ******/
SET ANSI_NULLS ON
GO
SET QUOTED_IDENTIFIER ON
GO
CREATE TABLE [dbo].[AspNetRoles](
	[Id] [nvarchar](128) NOT NULL,
	[Name] [nvarchar](256) NOT NULL,
 CONSTRAINT [PK_dbo.AspNetRoles] PRIMARY KEY CLUSTERED 
(
	[Id] ASC
)WITH (PAD_INDEX = OFF, STATISTICS_NORECOMPUTE = OFF, IGNORE_DUP_KEY = OFF, ALLOW_ROW_LOCKS = ON, ALLOW_PAGE_LOCKS = ON) ON [PRIMARY]
) ON [PRIMARY]
GO
/****** Object:  Table [dbo].[AspNetUserClaims]    Script Date: 09/01/2020 21:23:07 ******/
SET ANSI_NULLS ON
GO
SET QUOTED_IDENTIFIER ON
GO
CREATE TABLE [dbo].[AspNetUserClaims](
	[Id] [int] IDENTITY(1,1) NOT NULL,
	[UserId] [nvarchar](128) NOT NULL,
	[ClaimType] [nvarchar](max) NULL,
	[ClaimValue] [nvarchar](max) NULL,
 CONSTRAINT [PK_dbo.AspNetUserClaims] PRIMARY KEY CLUSTERED 
(
	[Id] ASC
)WITH (PAD_INDEX = OFF, STATISTICS_NORECOMPUTE = OFF, IGNORE_DUP_KEY = OFF, ALLOW_ROW_LOCKS = ON, ALLOW_PAGE_LOCKS = ON) ON [PRIMARY]
) ON [PRIMARY] TEXTIMAGE_ON [PRIMARY]
GO
/****** Object:  Table [dbo].[AspNetUserLogins]    Script Date: 09/01/2020 21:23:08 ******/
SET ANSI_NULLS ON
GO
SET QUOTED_IDENTIFIER ON
GO
CREATE TABLE [dbo].[AspNetUserLogins](
	[LoginProvider] [nvarchar](128) NOT NULL,
	[ProviderKey] [nvarchar](128) NOT NULL,
	[UserId] [nvarchar](128) NOT NULL,
 CONSTRAINT [PK_dbo.AspNetUserLogins] PRIMARY KEY CLUSTERED 
(
	[LoginProvider] ASC,
	[ProviderKey] ASC,
	[UserId] ASC
)WITH (PAD_INDEX = OFF, STATISTICS_NORECOMPUTE = OFF, IGNORE_DUP_KEY = OFF, ALLOW_ROW_LOCKS = ON, ALLOW_PAGE_LOCKS = ON) ON [PRIMARY]
) ON [PRIMARY]
GO
/****** Object:  Table [dbo].[AspNetUserRoles]    Script Date: 09/01/2020 21:23:08 ******/
SET ANSI_NULLS ON
GO
SET QUOTED_IDENTIFIER ON
GO
CREATE TABLE [dbo].[AspNetUserRoles](
	[UserId] [nvarchar](128) NOT NULL,
	[RoleId] [nvarchar](128) NOT NULL,
 CONSTRAINT [PK_dbo.AspNetUserRoles] PRIMARY KEY CLUSTERED 
(
	[UserId] ASC,
	[RoleId] ASC
)WITH (PAD_INDEX = OFF, STATISTICS_NORECOMPUTE = OFF, IGNORE_DUP_KEY = OFF, ALLOW_ROW_LOCKS = ON, ALLOW_PAGE_LOCKS = ON) ON [PRIMARY]
) ON [PRIMARY]
GO
/****** Object:  Table [dbo].[AspNetUsers]    Script Date: 09/01/2020 21:23:08 ******/
SET ANSI_NULLS ON
GO
SET QUOTED_IDENTIFIER ON
GO
CREATE TABLE [dbo].[AspNetUsers](
	[Id] [nvarchar](128) NOT NULL,
	[Email] [nvarchar](256) NULL,
	[EmailConfirmed] [bit] NOT NULL,
	[PasswordHash] [nvarchar](max) NULL,
	[SecurityStamp] [nvarchar](max) NULL,
	[PhoneNumber] [nvarchar](max) NULL,
	[PhoneNumberConfirmed] [bit] NOT NULL,
	[TwoFactorEnabled] [bit] NOT NULL,
	[LockoutEndDateUtc] [datetime] NULL,
	[LockoutEnabled] [bit] NOT NULL,
	[AccessFailedCount] [int] NOT NULL,
	[UserName] [nvarchar](256) NOT NULL,
 CONSTRAINT [PK_dbo.AspNetUsers] PRIMARY KEY CLUSTERED 
(
	[Id] ASC
)WITH (PAD_INDEX = OFF, STATISTICS_NORECOMPUTE = OFF, IGNORE_DUP_KEY = OFF, ALLOW_ROW_LOCKS = ON, ALLOW_PAGE_LOCKS = ON) ON [PRIMARY]
) ON [PRIMARY] TEXTIMAGE_ON [PRIMARY]
GO
/****** Object:  Table [dbo].[Centrodecostoes]    Script Date: 09/01/2020 21:23:08 ******/
SET ANSI_NULLS ON
GO
SET QUOTED_IDENTIFIER ON
GO
CREATE TABLE [dbo].[Centrodecostoes](
	[CentrodecostoId] [int] IDENTITY(1,1) NOT NULL,
	[Nombre] [nvarchar](50) NOT NULL,
	[Estado] [nvarchar](max) NOT NULL,
	[SedeId] [int] NOT NULL,
 CONSTRAINT [PK_dbo.Centrodecostoes] PRIMARY KEY CLUSTERED 
(
	[CentrodecostoId] ASC
)WITH (PAD_INDEX = OFF, STATISTICS_NORECOMPUTE = OFF, IGNORE_DUP_KEY = OFF, ALLOW_ROW_LOCKS = ON, ALLOW_PAGE_LOCKS = ON) ON [PRIMARY]
) ON [PRIMARY] TEXTIMAGE_ON [PRIMARY]
GO
/****** Object:  Table [dbo].[Dispositivoes]    Script Date: 09/01/2020 21:23:08 ******/
SET ANSI_NULLS ON
GO
SET QUOTED_IDENTIFIER ON
GO
CREATE TABLE [dbo].[Dispositivoes](
	[DispositivoId] [int] IDENTITY(1,1) NOT NULL,
	[Identificador] [nvarchar](50) NOT NULL,
	[Nombre] [nvarchar](50) NOT NULL,
	[Marca] [nvarchar](max) NOT NULL,
	[Modelo] [nvarchar](max) NOT NULL,
	[Precio] [float] NOT NULL,
	[Serial] [nvarchar](50) NOT NULL,
	[Fecha] [datetime] NOT NULL,
	[SedeId] [int] NOT NULL,
	[LaboratorioId] [int] NOT NULL,
	[EstadoId] [int] NOT NULL,
 CONSTRAINT [PK_dbo.Dispositivoes] PRIMARY KEY CLUSTERED 
(
	[DispositivoId] ASC
)WITH (PAD_INDEX = OFF, STATISTICS_NORECOMPUTE = OFF, IGNORE_DUP_KEY = OFF, ALLOW_ROW_LOCKS = ON, ALLOW_PAGE_LOCKS = ON) ON [PRIMARY]
) ON [PRIMARY] TEXTIMAGE_ON [PRIMARY]
GO
/****** Object:  Table [dbo].[Estadoes]    Script Date: 09/01/2020 21:23:08 ******/
SET ANSI_NULLS ON
GO
SET QUOTED_IDENTIFIER ON
GO
CREATE TABLE [dbo].[Estadoes](
	[EstadoId] [int] IDENTITY(1,1) NOT NULL,
	[Nombre] [nvarchar](50) NOT NULL,
 CONSTRAINT [PK_dbo.Estadoes] PRIMARY KEY CLUSTERED 
(
	[EstadoId] ASC
)WITH (PAD_INDEX = OFF, STATISTICS_NORECOMPUTE = OFF, IGNORE_DUP_KEY = OFF, ALLOW_ROW_LOCKS = ON, ALLOW_PAGE_LOCKS = ON) ON [PRIMARY]
) ON [PRIMARY]
GO
/****** Object:  Table [dbo].[Eventos]    Script Date: 09/01/2020 21:23:08 ******/
SET ANSI_NULLS ON
GO
SET QUOTED_IDENTIFIER ON
GO
CREATE TABLE [dbo].[Eventos](
	[EventoId] [int] IDENTITY(1,1) NOT NULL,
	[UserId] [int] NOT NULL,
	[descripcion] [nvarchar](max) NULL,
	[Fechcha] [datetime] NOT NULL,
	[IdRegModificado] [int] NOT NULL,
	[Usuario_Usuarioid] [int] NULL,
 CONSTRAINT [PK_dbo.Eventos] PRIMARY KEY CLUSTERED 
(
	[EventoId] ASC
)WITH (PAD_INDEX = OFF, STATISTICS_NORECOMPUTE = OFF, IGNORE_DUP_KEY = OFF, ALLOW_ROW_LOCKS = ON, ALLOW_PAGE_LOCKS = ON) ON [PRIMARY]
) ON [PRIMARY] TEXTIMAGE_ON [PRIMARY]
GO
/****** Object:  Table [dbo].[Historicoes]    Script Date: 09/01/2020 21:23:08 ******/
SET ANSI_NULLS ON
GO
SET QUOTED_IDENTIFIER ON
GO
CREATE TABLE [dbo].[Historicoes](
	[HistoricoId] [int] IDENTITY(1,1) NOT NULL,
	[TipoId] [int] NOT NULL,
	[Fecha] [datetime] NOT NULL,
	[Observaciones] [nvarchar](max) NOT NULL,
	[DispositivoId] [int] NOT NULL,
	[UsuarioId] [int] NOT NULL,
 CONSTRAINT [PK_dbo.Historicoes] PRIMARY KEY CLUSTERED 
(
	[HistoricoId] ASC
)WITH (PAD_INDEX = OFF, STATISTICS_NORECOMPUTE = OFF, IGNORE_DUP_KEY = OFF, ALLOW_ROW_LOCKS = ON, ALLOW_PAGE_LOCKS = ON) ON [PRIMARY]
) ON [PRIMARY] TEXTIMAGE_ON [PRIMARY]
GO
/****** Object:  Table [dbo].[Laboratorios]    Script Date: 09/01/2020 21:23:08 ******/
SET ANSI_NULLS ON
GO
SET QUOTED_IDENTIFIER ON
GO
CREATE TABLE [dbo].[Laboratorios](
	[LaboratorioId] [int] IDENTITY(1,1) NOT NULL,
	[Nombre] [nvarchar](50) NOT NULL,
	[Telefono] [nvarchar](max) NOT NULL,
	[Estado] [nvarchar](max) NOT NULL,
	[SedeId] [int] NOT NULL,
	[CentrodecostoId] [int] NOT NULL,
 CONSTRAINT [PK_dbo.Laboratorios] PRIMARY KEY CLUSTERED 
(
	[LaboratorioId] ASC
)WITH (PAD_INDEX = OFF, STATISTICS_NORECOMPUTE = OFF, IGNORE_DUP_KEY = OFF, ALLOW_ROW_LOCKS = ON, ALLOW_PAGE_LOCKS = ON) ON [PRIMARY]
) ON [PRIMARY] TEXTIMAGE_ON [PRIMARY]
GO
/****** Object:  Table [dbo].[Reportes]    Script Date: 09/01/2020 21:23:08 ******/
SET ANSI_NULLS ON
GO
SET QUOTED_IDENTIFIER ON
GO
CREATE TABLE [dbo].[Reportes](
	[ReporteId] [int] IDENTITY(1,1) NOT NULL,
	[FechaInicio] [datetime] NOT NULL,
	[FechaFinal] [datetime] NOT NULL,
	[EstadoId] [int] NOT NULL,
	[Estatus] [nvarchar](max) NULL,
	[Identificador] [nvarchar](max) NULL,
	[Nombre] [nvarchar](max) NULL,
	[Marca] [nvarchar](max) NULL,
	[Modelo] [nvarchar](max) NULL,
	[Precio] [float] NOT NULL,
	[Serial] [nvarchar](max) NULL,
	[Fecha] [datetime] NOT NULL,
	[Sede] [nvarchar](max) NULL,
	[Laboratorio] [nvarchar](max) NULL,
	[Dispositivo_DispositivoId] [int] NULL,
	[Reporte_ReporteId] [int] NULL,
 CONSTRAINT [PK_dbo.Reportes] PRIMARY KEY CLUSTERED 
(
	[ReporteId] ASC
)WITH (PAD_INDEX = OFF, STATISTICS_NORECOMPUTE = OFF, IGNORE_DUP_KEY = OFF, ALLOW_ROW_LOCKS = ON, ALLOW_PAGE_LOCKS = ON) ON [PRIMARY]
) ON [PRIMARY] TEXTIMAGE_ON [PRIMARY]
GO
/****** Object:  Table [dbo].[Sedes]    Script Date: 09/01/2020 21:23:08 ******/
SET ANSI_NULLS ON
GO
SET QUOTED_IDENTIFIER ON
GO
CREATE TABLE [dbo].[Sedes](
	[SedeId] [int] IDENTITY(1,1) NOT NULL,
	[Nombre] [nvarchar](50) NOT NULL,
	[Direccion] [nvarchar](max) NOT NULL,
	[Telefono] [nvarchar](max) NOT NULL,
	[Estado] [nvarchar](max) NOT NULL,
 CONSTRAINT [PK_dbo.Sedes] PRIMARY KEY CLUSTERED 
(
	[SedeId] ASC
)WITH (PAD_INDEX = OFF, STATISTICS_NORECOMPUTE = OFF, IGNORE_DUP_KEY = OFF, ALLOW_ROW_LOCKS = ON, ALLOW_PAGE_LOCKS = ON) ON [PRIMARY]
) ON [PRIMARY] TEXTIMAGE_ON [PRIMARY]
GO
/****** Object:  Table [dbo].[Tipo_Historico]    Script Date: 09/01/2020 21:23:08 ******/
SET ANSI_NULLS ON
GO
SET QUOTED_IDENTIFIER ON
GO
CREATE TABLE [dbo].[Tipo_Historico](
	[TipoId] [int] IDENTITY(1,1) NOT NULL,
	[Nombre] [nvarchar](50) NOT NULL,
 CONSTRAINT [PK_dbo.Tipo_Historico] PRIMARY KEY CLUSTERED 
(
	[TipoId] ASC
)WITH (PAD_INDEX = OFF, STATISTICS_NORECOMPUTE = OFF, IGNORE_DUP_KEY = OFF, ALLOW_ROW_LOCKS = ON, ALLOW_PAGE_LOCKS = ON) ON [PRIMARY]
) ON [PRIMARY]
GO
/****** Object:  Table [dbo].[Usuarios]    Script Date: 09/01/2020 21:23:08 ******/
SET ANSI_NULLS ON
GO
SET QUOTED_IDENTIFIER ON
GO
CREATE TABLE [dbo].[Usuarios](
	[Usuarioid] [int] IDENTITY(1,1) NOT NULL,
	[Logueo] [nvarchar](256) NOT NULL,
	[Nombre] [nvarchar](max) NOT NULL,
	[Apellidos] [nvarchar](max) NOT NULL,
	[Documento] [nvarchar](50) NOT NULL,
	[Direccion] [nvarchar](max) NOT NULL,
	[Telefono] [nvarchar](max) NOT NULL,
	[Cargo] [nvarchar](max) NOT NULL,
	[Rol] [nvarchar](max) NOT NULL,
	[Estado] [nvarchar](max) NOT NULL,
	[SedeId] [int] NOT NULL,
	[LaboratorioId] [int] NOT NULL,
 CONSTRAINT [PK_dbo.Usuarios] PRIMARY KEY CLUSTERED 
(
	[Usuarioid] ASC
)WITH (PAD_INDEX = OFF, STATISTICS_NORECOMPUTE = OFF, IGNORE_DUP_KEY = OFF, ALLOW_ROW_LOCKS = ON, ALLOW_PAGE_LOCKS = ON) ON [PRIMARY]
) ON [PRIMARY] TEXTIMAGE_ON [PRIMARY]
GO
INSERT [dbo].[__MigrationHistory] ([MigrationId], [ContextKey], [Model], [ProductVersion]) VALUES (N'202001091742572_InitialCreate', N'Inventory.Models.ApplicationDbContext', 0x1F8B0800000000000400DD5CDB6EE436127D5F60FF41D05376E1B47CC90C668D7602A76DEF1A195F30ED09F236604BECB63012A588946363912FDB877C527E618B1275E345976EB9BB1D0C306891C553C562912C168BFEF37F7F4C7F780E03EB0927D48FC8997D3439B42D4CDCC8F3C9EACC4ED9F2DB0FF60FDFFFFD6FD34B2F7CB67E2EE84E381DB424F4CC7E642C3E751CEA3EE210D149E8BB4944A3259BB851E8202F728E0F0FFFE51C1D3918206CC0B2ACE9A794303FC4D9077CCE22E2E298A528B8893C1C50510E35F30CD5BA4521A63172F1997D4D9E306151F232C9696DEB3CF011C831C7C1D2B6102111430CA43CFD4CF19C251159CD632840C1C34B8C816E89028A85F4A71579DF8E1C1EF38E3855C302CA4D298BC28180472742338EDC7C2DFDDAA5E6407797A063F6C27B9DE90F54E7E1ACE8531480026486A7B320E1C467F64DC9E29CC6B7984D8A86931CF22A01B8DFA2E4EBA48E7860F56E77505AD2F1E490FF3BB06669C0D2049F119CB2040507D67DBA087CF727FCF2107DC5E4ECE468B13CF9F0EE3DF24EDE7F874FDED57B0A7D05BA460114DD27518C13900D2FCBFEDB96D36CE7C80DCB66B536B956C0966052D8D60D7AFE88C98A3DC27439FE605B57FE33F68A12615C9F890F73081AB12485CFDB3408D022C065BDD3CA93FFDFC2F5F8DDFB51B8DEA2277F950DBDC41F264E02F3EA130EB25AFAE8C7F9F46A8CF7174176954421FF6EDA575EFB651EA589CB3B1319491E50B2C2AC29DDD4A98CB7974973A8F1CDBA40DD7FD3E692AAE6AD25E51D5A6726142CB63D1B0A795F976F6F8B3B8F6318BCCCB4B846DA0C4EDEAA2652DB03ABA4A8CCE6A8AFD910E8CE5F7915BC0C911F8CB00CF6E002FEC7D24F425CF6F2C7088C0E91C132DF234A6115F0FE83E8638BE8F07304D1E7D84D1330CE394361FCEADCEE1F23826FD370C16D7E7BBC461B9A87DFA22BE4C25CBB24BCD5C6781F23F76B94B24BE25D20863F33B700E49F0F7ED81F601471CE5D17537A05C68CBD5904EE7501784DD8C9F16038BE3CEDDA0D9905C80FF57E88B4907E29482B5F444FA1F82306329D4FD226EAC768E5937EA216A46651738A4E5105D9505139583F4905A559D08CA053CE9C6A342F2F1BA1F1DDBC0C76FFFDBCCD366FD35A5053E31C5648FC6F4C7002CB98778F18C309A946A0CFBAB10B67211B3ECEF4D5F7A68CD3CF2848C766B5D66CC81681F1674306BBFFB32113138A9F7C8F7B253D0E3F0531C0F7A2D79FABBAE79C24D9B6A743A39BDB66BE9D35C0345DCE298D5C3F9B059AB097085A34E5071FCEEA8E60E4BD91A320D03130749F6F7950027DB365A3BA231738C00C5BE76E1E169C21EA224F552374C81B2058B1A36A04ABA2214DE1FEA9F0044BC7096F84F82188C24CF50953A7854F5C3F4641A796A4963DB730DEF792875C7381634C38C34E4DF461AE0F7E70014A3ED2A0746968EAD42CAEDD100D5EAB69CCBB5CD86ADC9598C4566CB2C37736D8A5F0DF5EC530DB35B605E36C57491F018C81BC5D18A838ABF43500F9E0B26F062A9D980C062A5CAAAD186853633B30D0A64ADE9C81E647D4BEE32F9D57F7CD3C9B07E5ED6FEBADEADA816D36F4B167A699FB9ED086410B9CA8E679B1E095F899690E6720A7389F51E1EACA26C2C1E79835433695BFABF5439D7610D988DA002B43EB001557800A9032A1060857C4F25AA5135EC400D822EED60A2BD67E09B666032A76FD2AB44668BE30958DB3D7E9A3EC59690D8A91F73A2CD4703406212F5ECD8EF7508A292EAB2AA68F2F3CC41BAE754C0C468B823A3C5783928ACE8CAEA5C234BBB5A473C886B8641B6949729F0C5A2A3A33BA96848D762B49E3140C700B365251730B1F69B215918E72B729EBA64E9E1F250AA68E21916A7A83E2D827AB5A629528B1E67956D5ECDBF9F084A330C7705CAAC93B2AA52D39B128412B2CD5026B90F4CA4F28BB400C2D108FF3CCBC5021D3EEAD86E5BF6059DF3ED5412CF681829AFF166BBB7C71DFD869555744205C41FF42EECF644174CDE8EB9B5B3CCD0D0528D1C4ED67519086C4EC5E995BE7B777F5F679898A307524F915F749D195E2E43615DF6B58D42931CA1095BECBFAC364863029BBF03CEBEA3679A36694223855473105AC76366C262766C050C9DEE1F091EA44789D39255252EA00A26820462DAB4101ABD5F5476D269ED4319B35FD11A5EC923AA4543540CA7A0E4943C87AC55A78068DEA29FA7350B346EAE86A6D7F644DFE481D5A53BD06B64666B9AE3FAA26C5A40EACA9EE8F5DE59BC84BE81EEF5AC633CB9ADB567EA8DD6CDF3260BCCE7A38CEB657BBBBAF03D58A076289DB79054C94EFA52D194F766BDA521EC9D8CC960C18E655A771E7DD5C745A2FEACD988D8BECC6C2DE76916FC61B66B1AF6A17CAB14E2629B997C73BE918371547AAEE4733CA192B27B1AD428DB0A9BF5086C3092798CC7F0D66818FF9125E10DC20E22F316579F2867D7C78742CBDBCD99F57300EA55EA039929A9EC234C76C0B7958E40925EE234AD4AC880D5E8A54A04AC0F99A78F8F9CCFE6FD6EA348B5DF05F59F181754D3F13FFD7142A1E92145BBFAB599EE364CEF778AB510AFAFB9B7804D15FE5D7BF7CC99B1E5877094CA753EB5052F43AC3DF7C1A31489ABCE906D2ACFD60E2EDCEB6C68B042DAA345BD67F80B0F0D9288F0F0A29BF09D1F33F868AA67D60B011A2E611C15878A3A8D0F448601D2CE303010F3E59F640605867F50F06D611CDF858C027C3C1E4A702FD97A1A2E50EF721CD71691B4B52A6E7CE54EB8DF22E77BD372919D91B4D7435EB7A00DCA899D59BB9286F2C6379B4AD5393903C1AF62EEDFED5B390F725F1B872DA779B6FBCCD14E396ABA4BF5466F11EE4C269727B769F3FBC6D5B33C57FF73C09735896F09E199BD8E6779F0BBC6D63330588F7DCD80665FCEE99ADED6AFFDCB1A5F5DE42779EBFABA62219EE717451E4AEFCDC3CE40EC7FF450446907B94F9B34A7D42988959652C4686158999A939134D66AC4C1C85AF42D1CE76585FC586DFDA5941D3CED690BFD9C65BACFFADBC054D3B6F4356E42E328BB57989BA6CEF8E75AC2D71EA2D6512377AD291B8DEE5B3B65ECABFA5C4E15194D2983D86DBE5B793273C8A4AC69C3A03F282D58B62D83B6B7F8311F66FEAAF2A08FE171909761BBB6649734D9651B1794B1215245284E60633E4C1967A9E307F895C06D53C009DBD0BCF827AFC1A6481BD6B7297B23865D0651C2E8246C08B3B016DFCB3E4E7A6CCD3BB987FD131BA0062FA3C707F477E4CFDC02BE5BED2C4840C10DCBB10E15E3E968C877D572F25D26D447A0209F5954ED1030EE300C0E81D99A327BC8E6C607E1FF10AB92F5504D004D23D104DB54F2F7CB44A50480546D51E3EC186BDF0F9FBFF036ABF34828A540000, N'6.2.0-61023')
INSERT [dbo].[__MigrationHistory] ([MigrationId], [ContextKey], [Model], [ProductVersion]) VALUES (N'202001091742583_AutomaticMigration', N'Inventory.Models.InventoryContext', 0x1F8B0800000000000400ED1DCB6EE4B8F11E20FFD0E85312CCBA6D0F769118F62E26F6386B645EF063919B2177D33D42D452AFA4366C04F9B21CF249F985506F3E8A6491A2A4F6623097718B2C168BC5AA625591F5BFFFFCF7F4A7E74D347B22691626F1D9FCE8E0703E23F1325985F1FA6CBECB1FBFFBF3FCA71F7FFFBBD3F7ABCDF3EC97A6DDDBA21DED196767F3AF79BE3D592CB2E557B209B2834DB84C932C79CC0F96C96611AC92C5F1E1E15F1647470B4241CC29ACD9ECF47A17E7E186947FD03FCF937849B6F92E883E262B1265F5EFF4CB4D0975F629D8906C1B2CC9D9FC2A7E22719EA42F0755DBF9EC5D1406148F1B123DCE67411C277990532C4FEE327293A749BCBED9D21F82E8F6654B68BBC720CA488DFD49D71C3B91C3E362228BAE63036AB9CBF2646309F0E86D4D9985D8DD89BEF396729476EF298DF39762D625FDCEE6E794702925DA32A143CD67E28827E7515AB496697CC0F57C336BBFBF695982724EF1EFCDEC7C17E5BB949CC56497A741F466F665F71085CBBF9397DBE49F243E8B7751C4A24911A5DFB81FE84F5FD2644BD2FCE59A3C42C85FADE6B3050F6421426961A8003473CDDF1ECF679F285AC143445AFE60E87243A74AFE4662920639597D09F29CA47479AF56A4A4B0848A30F0A764F39092663CCA92746FCD671F83E70F245EE75FCFE6DFD3CD74193E9355F3438DC25D1CD29D48FBE4E98E0028EA877D9FE5943B34C3D2FF0E31EE0D5911337905189F82A7705D525B80F621784828D993344CE856BF2651D928FB1A6EAB1D7FC034B81718FC324D36D749C443E11BDDDF06E99AE414DBC4D4F226D9A54B0BCC0B3AC028175F78E0198B2CF05942136A032178BAE8A480563630F3B6920C4CBF69E40283808B5410BAFFC665C22D89C863124F20155E9534EAA739B002429056FE655B2310CCB2AD112F58D42FC26C9B64611E3E29A432D3E09E132D1DDE8A2692A853B57391C76A71CCEB194118B31F6151CCB5B0C5EC2EDB054AFD567F545111F82C6108B5E9A52C9825B152164CBF69940583808BB210BA8FA52CAA768FE1924AD074749D3191AAFA18A4CB607C7D5172EA047AEA4B4A96613BEE4542F9DD45D9A5F49C3BFA525D92E5D776A92E288BDFD2B3FD249ADACA9AC3182CFEB47D63000122BEFA74CF2BD54EC4039F25110FB5B155433F875941B9A54211B59FEF39F1DFE109369030855BD9E2CA6943BFF687683599EC142CCAD7649BA4B9E248587F549116F82C11166AE3D7465231A8F411B6918CCC89B63F9ABD64617A545DA6B13A3A51626B706085D0EB3B98BA1F2D1CA4A5B8A57512D5EB766E1855DEC9350AAA4D5C7FEEB54B6A5856DBA4EE33CD3EA90777D9284CD7B1764A69F55C51AE67CC3657DBA7847519C69DF1E60CCAD16E01A0E4BBCC831DECE768E36734A370F3338CAFA3CB4827957D3898F8C1D5DF4164705439A3D4F75818E5EACB0C1575ABCE54F57056426B56155E82E2B554F72B3A2B2D5E5C3B1939E6B31243B60D8426DA00688F5A562640DB6B1A23A01DDEC50CE03A8F6508DC86DBDEFAD68FE4FAFC9091F429A0F23A263E74B7E5F056EE513DA8DA65EDCFFD62927C8EDE0D710FEB7D2058640B8EBA37B863F8365CEB0E696523E9E0A16EE918CDD00633606CE5AFCA5086013FB488E4A76D2527F9AED308CB46F4D8CA499CC8FA0D791586DD4CA214306F3B27666D77960597D67DA661CF7AF0D0814399AE6331E98764BD233A6BFCF8FB1F2609B00DA4AEDF6D491485AB640A4B2159EE36053B8E1EABBA08E9797659E6578E3DE9E9926FCEA9D49960582A0CBF251A8D15BE541FA64BB9AFF0A557DFEE5BCDC2F8D1F94F72C451F8EE39DA686D298A3A58634CFA0A323AA4E6A8B0EC1358D407EDBAE4222160D77C808375EDD77E81BA86F76C2275559F894275E5904EA1BAB6E758F6CA1D3DECF795382B922DD370EB49219A7D1C3EBC1C57AB6BB2A6CC52870D7CC949DDB9D5424E4AB146851C75DA4FD556B7D84C4587697652A30F6DF7114E8FBEBEA3E9373B7444DB0C9773EDED7686B8E7753738BCE54158A6E48038F6CA80305ECDB14CAC06310453AFBD245623AD23102BC976C248F37759962CC3120D9982427E3F3FC1F7F16A864EF6AFF696707D80EE322AE7C32D95EC14B3B3F99F242262C6682DC56E0CE15A023FCA91340AD50F242D0473109DD3D5A01A278C73599984F132DC061116210100A88F0CF7078B656BC715BF5C902D890B7D825D054F08B5E30A3AD444C5D305C36B7A1684B2A9548CA14DADEA58A291F2265ED00306788D8BCC98F8D989D33433C42CA92AD1CF8AB934C4E88BC308FC046510A8965D9B4ED02D7B9BC7861761DA7C5914431D1E1C1C8962DD9A08F54E306129662C7899BA986068BF3F9D76103CFC689B0726E92BDA376CFE886989C1641223F3C89C6D040E30118E332D080007E055581AA2F11D9E4C6C17BF870C37195002C4D37ED2A282E16BED9537ABBDA5A5B9175446D867EA48AF8A191061DF8E21C47C02BC0D8448D570E26A27AE33CE19B3DC70728215CB1989D20F8F31EC6BC173A83481556E44466F37CE74BC205306713AA8AD4BD3A3FD03046F5418EA2239462475FB49974C34DE46524F0FC3B9CAFC09AB4DA4A684050E936D2028C8665A7330E266E426DD46D25EB347795C3CD9031A4430ABA97D2DC589AB005A7B416404D6823CBD2A06D0BA7D3B06A802347829A57DEB07E965F324AA3433C42C281CEFB162290D31FA6130162FA1BC681AD77C4F3E9ADE7FA69CDB981CE4EA399B9E7FB8588976A9E1C0494FFE819FB9718C27B8F30F34B731F90722C3EBE09F369AA55D6639B4D5936FE44C22075BCB9D5FC4F98CC92BE2D4F79E4F540F63A816D8F84A86A37A318F3089796D40665C13DB40FBFD34B3ABD837ED93D31E246D72B69A0CA4E20379CE8124A6BB8CD4794C599DE621724C01F886E48A548E2EE80E1BCD1203F2E0F83C050918C77A06507C5286048ADB27065055540282D244710C00BA672A2408AD0BDF00824DC19580300E140318E9529B044B749E1A0076B91B12A456EB98C8DBB8D464F2365F0C10EA575EA5FE9522153A335B06643CF19147A6BDCC86BA8C114EC09A7346DA4989DB4092173659220C5471AF8A49813C611044031F8191C965CC6EE0BDA59AFC066632ED9ED4504797D1C080E2F1EF4D15F0FABE4C15638C9E9B8A2E4ACF4CA513341AB2E8E2F2C393A511996A8A40017B700242C8DE950E4290DECC643D66CFBD4CA0268132000D4E000A41BB12038A38236039904471D95B260A2228CD4D451F966626C3EA410D69F481E8E1768CE63EAC4C246448959B9839A8CA4C4EB21C341433875151ABE0A292C43B02803AD2050351E1405642C0160A2AFEC780E9ACA8DE1480EE6CC944300507B1E141C41CB001C1A15802BC20A6A688F23C8E0E72B9D2043A77238D4207B28019F632598CE119748086994A6DAF6B68A20BC90C69D202F9FC0A9A20CD5975A0C19E1E231BB2C0CD01052DD42E73A4D3DC9E16A09B7CE0DDD2ED66051D60D72FC2F96B3F7FC9DD3B8C36513EE12B5300E5D4B4726B2259DBCA91D99F459A9B25AD77ADFD76BAA82A65D53F9C2E1425B54E3F06DB6D18AF99125BF52FB39BAABED6F97737F6A5A736158CC592E33FD117D88E44271EAC89F0950E4D31BD0CD32CBF08F2E02128EE759DAF365233C997A8F0D034C381EE4279191B074ED3ADF8BFE0BC04CB61017ED81AC4259D65F1CA453961A2D21D72FF5951F72C8882D45487E43C89769B18799D440DB7B902C9826B7EC343694ED72C14D849A983D204475828AA8049C1E702A925FFB6B4AEC25E13B905C54B06A563C1491A6985E0236D6F15858590004B6843B460680EEA2EA6B270BA5FF79B1787DAB513F1B8C1C8B4E0718DEB04C1E3DADE2A9A0B99E62CC50D49E86A98C253C52C4CE1D3D8FBA67E6F980552FF6401A37E4D980352FF8687D23C16CC42697EB3D977D56BC1FCBEAB7EC343A99FD46481D43F8D2D018690B8DD752559C6ED951C691CD9BD4408EC9747480F55477F64F5B3B5275A9CD6A7DE6B759A40B2FDF2287BAAA8CABCF3CF1256593940078B7BC05F1213CD074B78F523FE12B8FAF72137B80E52F996BF08A8FCF19B02FCA6007598AC88ACFE1C959F52F5ED9144D446252C646297C6622F15357D5554E61E3E67A9AC794E5D07AFB933C71DC414F7E8D4507C70A0F0A6390B4BF8848739C4F180B927C5C2D35C9F9A8CC7C5786A2F461792B6ECB9DD046058167D15669AC6B96FB1528AA8336289943D0D9B21843703749F510DAB799699D31DF56F631B1ACC93C92C20E6670B21D4BD81CC09A0EE671B81D6BE26C70BB3F6E729BC70F5B3C39CBFABFA090FA37C439833F51307337A3F3C817DFC00539DDEEB24937EA7771808E6F8AEEAA95CEEF615566EC115AFBAEA2035AFABF2F2ABFA0D0F857B5F9505C57DB0B3A8409BCAD2AA92DE50E54F73C2C7BD61C72A42DD8B19CBF38B3D27C2DD8695177E74D67EEA063BB93C34BBF11177D047C6A78A9ABD617C7BA4E3ABC826803D5EB8E77F7A9C76EE0D279F82842D6E6E682BEF2D7972F569513C4FE255585E84BBCA8AE763DBA7639DE821266938731597958DE02AAE7D7FAE02F2B7BD2CCFBDEB32E150B5DB00537092910EBD3948CA37365B605D5BA4A1052C8722A518B914FA83E1BDE68068C9358A046A249AB666647F7E3152C0CC2F527698D8A4D5A2F52FEDDF6D76589D99C5A58C95342A12C04ADA6475969898AA553599CF28119EC25591A675F392E56473503438B8F9353A8F424ABDAEC1C7200E1F499657AFCCCF8F0F8F8EE7B37751186455525F9D847622DE134565A51DBD2DB2D2C86AB310BBDBE7B61550B26CC53D822FBFCCAF7BBE19F55EBE2113C4FC70BE04A0BA8D18164437BE91DFAB6455FC14A4F4FC9102977AAFE215793E9BFFABEC773263D3222B18F7658B37746BDCC5E1AF3BDAE636DD91D9BFA527F87B3D35DF60F8874DF0FCC79EA57D4A829A267AF58FFBAAD79BD9E79472FBC9ECB098937660741508F5BD7D14A7697D0D663E038B14BD122EABD7E2D83FBF894515FA71DCC4DC6B24E0114440DBA2641A7985D85E42F721F699FA215AD43E331C204CFB0CACA63BC83E13A2F7B6DB8D3BE29551EAE1B79B4A34F4835A270DF8D8754DEA800F584D024105EB314A82DC410A54E903DE17171405FD96812B86BDA23C9EBB94891A496BDB2848C4F85CE75E6874A942761834FD8690A8E083F8B8C26C8AC427446136880EFB62AAD40F00F8B485D18B017A8B70ABA1F16A989683E93AE07A70297C3D05099BBFD713D4887B121EBC4CF933E8244C2D3FADC9E00411DE414EA0706A1C0509A7C531A08653E24EE8F8D3B15ED0E192013DC0D338F2ED769E12906A2B62B0039CC376584900F0D8A0D58322250BA7203469876615C1751E504934D96276B4AF7AF592C47E369F90FEE8E3A4E16BABF4A40F9334698742DB7108E35597A888DB15707AA27943008CFACD8055A425E256421366312D06D375C0F568321C6DD7A38923E1DD76CCD21C7FFF8327C671133F4C1EA51769D6A552BA92B10531BC4B4BAA08DC6FF27E1DD275DEA60F506502E76FC049FE8A9D45787F0D94168074D82882E508874DDB7340F9DAA47232435842E032383D9DC87C988552F6A6FB1481A404277BAC0330C03945CECC1CB340FD5E1963E5F34CC3C6D5F75A4BB96B84216B760B8F3A338F445B16CF061F5F1EB94287E9E923EBC49699CD8BF8FAE7729CC6DECB1ADB3DEB694BA9CAA31500523ED4808FE8583184FE6D19BB41F7AC3AB6C322E24AFBBA5598EE5B4E63E462B5EA3729B4A39AB3E047E41243F9702FA2627C9E185B44D870C29E88078B22E0FE2A7E5749B7A3B181CDB26833F56D19A19CA7C5A8FAAB0C2370855D657407B5A1630EA61C0B036CE8B2B9D3E90DDD4B060EE3BE828AE69EEA974FC328C6D727B041980199E455D41FE76E11E96BF719D4495B9780B54BB0A5CBFBD4441EB1A4B6FA46BB7244FDDDA6110B69E38BB2F72DC13E8D48189F1BECC4C16B2AA8EEE067D23184055F7962065B8791BFE28D366C387E95C6FEC5D07B958D7574897AAC1A3B5695587B7FE9F46584D165CC7BF1C0744ECA31D7DFF62433FDEAAB1FB7F7B9FAD34530C65C7D5BF533FDEAA34A88F75AF9F18D803157DC46EDBFAA42E09E4DC1E9A4FF7426A1AD2E18DF2C141E9068A2A8525D1E7155F99AC8820DD745D6611BAF7A3AE26CBE7A2858A10AD1734D809A9FE2901C174A03725FA1E1B4F598C4B1381695C6E29F7D02C6621A2026D64474A4719A0FD010D53704F4D6C52F816FBF40F095A55845F8CC595F1A81F9068DD17E460C237A2DA5B1C406D0806ED5C775C5C7A1519405D2A4853797260797DEA26EB9B26C3904182C0E3751457350C00095B56491A9D0670C04CDB3E4FB55A71C2817AD9D3020B6A4023BFD273C48097207D4B9FE8298E3DE4AF337650FE5C5DD56769CE90D513F1C8332D4AF8A550F32DDC16A83F7656249BF09B502FA4F7DE4AADF9A1ADF1313C26B296FC150E01E54D74D5330007435BFF7AA56B7F544875FCF41EA703B1810AEE4DAA71ADB52C560ED241D2DB57D299F6D37D9712CAC416A63DB4D741CDBD96BE16BBB090EBB3707AD6CDD572CF965628B8AD5F2DBA3A78BEB5D5CDC81AAFEBA2059B8EE4014EFAAC664C9B9B0DA3657F163D238D4048C9A26E2531F84DAD9411EBC4BF3F03158E6F4F392645918AFE7B35F82685768E4CD03595DC59F77F97697D32993CD43F4C212A3F0C8E9C62FCB72F3389F7EDE167F653EA640D10C8B6B639FE3BFEEC268D5E27D09DC775180285C7DF545A6622DF3E242D3FAA585F4298991806AF2B51ECA5BB2D9461458F639BE099E880B6E7719F940D6C1F2A57942560DC4BC103CD94F2FC2609D069BAC86D1F5A77F521E5E6D9E7FFC3F083198E02EE90000, N'6.2.0-61023')
INSERT [dbo].[AspNetRoles] ([Id], [Name]) VALUES (N'fa2d5bfd-4da0-4d30-84ca-aceeb68ca2aa', N'Administrador')
INSERT [dbo].[AspNetRoles] ([Id], [Name]) VALUES (N'd486a1e8-69b0-4415-9234-7c5e873c1669', N'Usuario')
INSERT [dbo].[AspNetUserRoles] ([UserId], [RoleId]) VALUES (N'0fa8ea64-72d2-4fd7-9ba3-c12c205cd309', N'fa2d5bfd-4da0-4d30-84ca-aceeb68ca2aa')
INSERT [dbo].[AspNetUsers] ([Id], [Email], [EmailConfirmed], [PasswordHash], [SecurityStamp], [PhoneNumber], [PhoneNumberConfirmed], [TwoFactorEnabled], [LockoutEndDateUtc], [LockoutEnabled], [AccessFailedCount], [UserName]) VALUES (N'0fa8ea64-72d2-4fd7-9ba3-c12c205cd309', N'Administrador@itm.co', 0, N'AHvfaNQOBQnJdufAdXuAuuSnNWMIaMJbwLwz+Wj+iIHBlck71LHhbKyzYnLXO4n5gw==', N'88f4412e-b5e8-494c-9b79-6188eed61387', N'11111111', 0, 0, NULL, 0, 0, N'Administrador@itm.co')
SET IDENTITY_INSERT [dbo].[Centrodecostoes] ON 

INSERT [dbo].[Centrodecostoes] ([CentrodecostoId], [Nombre], [Estado], [SedeId]) VALUES (1, N'No Asignado', N'Inactivo', 1)
INSERT [dbo].[Centrodecostoes] ([CentrodecostoId], [Nombre], [Estado], [SedeId]) VALUES (2, N'bos465465', N'Activo', 2)
SET IDENTITY_INSERT [dbo].[Centrodecostoes] OFF
SET IDENTITY_INSERT [dbo].[Dispositivoes] ON 

INSERT [dbo].[Dispositivoes] ([DispositivoId], [Identificador], [Nombre], [Marca], [Modelo], [Precio], [Serial], [Fecha], [SedeId], [LaboratorioId], [EstadoId]) VALUES (1, N'9494984984984', N'router', N'link', N'16546ki', 25000, N'98986479684khguhv455', CAST(N'2019-12-10T00:00:00.000' AS DateTime), 2, 2, 1)
INSERT [dbo].[Dispositivoes] ([DispositivoId], [Identificador], [Nombre], [Marca], [Modelo], [Precio], [Serial], [Fecha], [SedeId], [LaboratorioId], [EstadoId]) VALUES (2, N'6549685469854984', N'Swich', N'tplink', N'jaskdf564168', 45000, N'hgfyhft455kjh', CAST(N'2019-11-13T00:00:00.000' AS DateTime), 2, 2, 2)
INSERT [dbo].[Dispositivoes] ([DispositivoId], [Identificador], [Nombre], [Marca], [Modelo], [Precio], [Serial], [Fecha], [SedeId], [LaboratorioId], [EstadoId]) VALUES (3, N'78457456214', N'Moden', N'Aruba', N'kjdhksfg45684545', 650000, N'564654fdg64d', CAST(N'2020-01-08T00:00:00.000' AS DateTime), 1, 3, 1)
SET IDENTITY_INSERT [dbo].[Dispositivoes] OFF
SET IDENTITY_INSERT [dbo].[Estadoes] ON 

INSERT [dbo].[Estadoes] ([EstadoId], [Nombre]) VALUES (1, N'Activo')
INSERT [dbo].[Estadoes] ([EstadoId], [Nombre]) VALUES (4, N'Dado de baja')
INSERT [dbo].[Estadoes] ([EstadoId], [Nombre]) VALUES (2, N'Inactivo')
INSERT [dbo].[Estadoes] ([EstadoId], [Nombre]) VALUES (3, N'Mantenimiento')
SET IDENTITY_INSERT [dbo].[Estadoes] OFF
SET IDENTITY_INSERT [dbo].[Laboratorios] ON 

INSERT [dbo].[Laboratorios] ([LaboratorioId], [Nombre], [Telefono], [Estado], [SedeId], [CentrodecostoId]) VALUES (1, N'Centro de laboratorios', N'654164849', N'Activo', 1, 1)
INSERT [dbo].[Laboratorios] ([LaboratorioId], [Nombre], [Telefono], [Estado], [SedeId], [CentrodecostoId]) VALUES (2, N'Redes', N'7845789', N'Activo', 2, 2)
INSERT [dbo].[Laboratorios] ([LaboratorioId], [Nombre], [Telefono], [Estado], [SedeId], [CentrodecostoId]) VALUES (3, N'Circuitos', N'7845789', N'Activo', 1, 1)
SET IDENTITY_INSERT [dbo].[Laboratorios] OFF
SET IDENTITY_INSERT [dbo].[Sedes] ON 

INSERT [dbo].[Sedes] ([SedeId], [Nombre], [Direccion], [Telefono], [Estado]) VALUES (1, N'Robledo', N'Avenida Robledo con Colpisos', N'452154', N'Activa')
INSERT [dbo].[Sedes] ([SedeId], [Nombre], [Direccion], [Telefono], [Estado]) VALUES (2, N'Boston', N'Belen Rodeo Alto', N'7845789', N'Activa')
SET IDENTITY_INSERT [dbo].[Sedes] OFF
SET IDENTITY_INSERT [dbo].[Tipo_Historico] ON 

INSERT [dbo].[Tipo_Historico] ([TipoId], [Nombre]) VALUES (1, N'Mantenimiento')
INSERT [dbo].[Tipo_Historico] ([TipoId], [Nombre]) VALUES (2, N'Seguimiento')
SET IDENTITY_INSERT [dbo].[Tipo_Historico] OFF
SET IDENTITY_INSERT [dbo].[Usuarios] ON 

INSERT [dbo].[Usuarios] ([Usuarioid], [Logueo], [Nombre], [Apellidos], [Documento], [Direccion], [Telefono], [Cargo], [Rol], [Estado], [SedeId], [LaboratorioId]) VALUES (1, N'Administrador@itm.co', N'Administrador', N'ITM', N'1111111', N'itm', N'11111111', N'Administrador', N'true', N'Activo', 1, 1)
SET IDENTITY_INSERT [dbo].[Usuarios] OFF
SET ANSI_PADDING ON
GO
/****** Object:  Index [RoleNameIndex]    Script Date: 09/01/2020 21:23:08 ******/
CREATE UNIQUE NONCLUSTERED INDEX [RoleNameIndex] ON [dbo].[AspNetRoles]
(
	[Name] ASC
)WITH (PAD_INDEX = OFF, STATISTICS_NORECOMPUTE = OFF, SORT_IN_TEMPDB = OFF, IGNORE_DUP_KEY = OFF, DROP_EXISTING = OFF, ONLINE = OFF, ALLOW_ROW_LOCKS = ON, ALLOW_PAGE_LOCKS = ON) ON [PRIMARY]
GO
SET ANSI_PADDING ON
GO
/****** Object:  Index [IX_UserId]    Script Date: 09/01/2020 21:23:08 ******/
CREATE NONCLUSTERED INDEX [IX_UserId] ON [dbo].[AspNetUserClaims]
(
	[UserId] ASC
)WITH (PAD_INDEX = OFF, STATISTICS_NORECOMPUTE = OFF, SORT_IN_TEMPDB = OFF, DROP_EXISTING = OFF, ONLINE = OFF, ALLOW_ROW_LOCKS = ON, ALLOW_PAGE_LOCKS = ON) ON [PRIMARY]
GO
SET ANSI_PADDING ON
GO
/****** Object:  Index [IX_UserId]    Script Date: 09/01/2020 21:23:08 ******/
CREATE NONCLUSTERED INDEX [IX_UserId] ON [dbo].[AspNetUserLogins]
(
	[UserId] ASC
)WITH (PAD_INDEX = OFF, STATISTICS_NORECOMPUTE = OFF, SORT_IN_TEMPDB = OFF, DROP_EXISTING = OFF, ONLINE = OFF, ALLOW_ROW_LOCKS = ON, ALLOW_PAGE_LOCKS = ON) ON [PRIMARY]
GO
SET ANSI_PADDING ON
GO
/****** Object:  Index [IX_RoleId]    Script Date: 09/01/2020 21:23:08 ******/
CREATE NONCLUSTERED INDEX [IX_RoleId] ON [dbo].[AspNetUserRoles]
(
	[RoleId] ASC
)WITH (PAD_INDEX = OFF, STATISTICS_NORECOMPUTE = OFF, SORT_IN_TEMPDB = OFF, DROP_EXISTING = OFF, ONLINE = OFF, ALLOW_ROW_LOCKS = ON, ALLOW_PAGE_LOCKS = ON) ON [PRIMARY]
GO
SET ANSI_PADDING ON
GO
/****** Object:  Index [IX_UserId]    Script Date: 09/01/2020 21:23:08 ******/
CREATE NONCLUSTERED INDEX [IX_UserId] ON [dbo].[AspNetUserRoles]
(
	[UserId] ASC
)WITH (PAD_INDEX = OFF, STATISTICS_NORECOMPUTE = OFF, SORT_IN_TEMPDB = OFF, DROP_EXISTING = OFF, ONLINE = OFF, ALLOW_ROW_LOCKS = ON, ALLOW_PAGE_LOCKS = ON) ON [PRIMARY]
GO
SET ANSI_PADDING ON
GO
/****** Object:  Index [UserNameIndex]    Script Date: 09/01/2020 21:23:08 ******/
CREATE UNIQUE NONCLUSTERED INDEX [UserNameIndex] ON [dbo].[AspNetUsers]
(
	[UserName] ASC
)WITH (PAD_INDEX = OFF, STATISTICS_NORECOMPUTE = OFF, SORT_IN_TEMPDB = OFF, IGNORE_DUP_KEY = OFF, DROP_EXISTING = OFF, ONLINE = OFF, ALLOW_ROW_LOCKS = ON, ALLOW_PAGE_LOCKS = ON) ON [PRIMARY]
GO
/****** Object:  Index [IX_SedeId]    Script Date: 09/01/2020 21:23:08 ******/
CREATE NONCLUSTERED INDEX [IX_SedeId] ON [dbo].[Centrodecostoes]
(
	[SedeId] ASC
)WITH (PAD_INDEX = OFF, STATISTICS_NORECOMPUTE = OFF, SORT_IN_TEMPDB = OFF, DROP_EXISTING = OFF, ONLINE = OFF, ALLOW_ROW_LOCKS = ON, ALLOW_PAGE_LOCKS = ON) ON [PRIMARY]
GO
SET ANSI_PADDING ON
GO
/****** Object:  Index [Laboratorio_Nombre_Index]    Script Date: 09/01/2020 21:23:08 ******/
CREATE UNIQUE NONCLUSTERED INDEX [Laboratorio_Nombre_Index] ON [dbo].[Centrodecostoes]
(
	[Nombre] ASC
)WITH (PAD_INDEX = OFF, STATISTICS_NORECOMPUTE = OFF, SORT_IN_TEMPDB = OFF, IGNORE_DUP_KEY = OFF, DROP_EXISTING = OFF, ONLINE = OFF, ALLOW_ROW_LOCKS = ON, ALLOW_PAGE_LOCKS = ON) ON [PRIMARY]
GO
SET ANSI_PADDING ON
GO
/****** Object:  Index [Dispositivo_Serial_Index]    Script Date: 09/01/2020 21:23:08 ******/
CREATE UNIQUE NONCLUSTERED INDEX [Dispositivo_Serial_Index] ON [dbo].[Dispositivoes]
(
	[Serial] ASC,
	[Identificador] ASC
)WITH (PAD_INDEX = OFF, STATISTICS_NORECOMPUTE = OFF, SORT_IN_TEMPDB = OFF, IGNORE_DUP_KEY = OFF, DROP_EXISTING = OFF, ONLINE = OFF, ALLOW_ROW_LOCKS = ON, ALLOW_PAGE_LOCKS = ON) ON [PRIMARY]
GO
/****** Object:  Index [IX_EstadoId]    Script Date: 09/01/2020 21:23:08 ******/
CREATE NONCLUSTERED INDEX [IX_EstadoId] ON [dbo].[Dispositivoes]
(
	[EstadoId] ASC
)WITH (PAD_INDEX = OFF, STATISTICS_NORECOMPUTE = OFF, SORT_IN_TEMPDB = OFF, DROP_EXISTING = OFF, ONLINE = OFF, ALLOW_ROW_LOCKS = ON, ALLOW_PAGE_LOCKS = ON) ON [PRIMARY]
GO
/****** Object:  Index [IX_LaboratorioId]    Script Date: 09/01/2020 21:23:08 ******/
CREATE NONCLUSTERED INDEX [IX_LaboratorioId] ON [dbo].[Dispositivoes]
(
	[LaboratorioId] ASC
)WITH (PAD_INDEX = OFF, STATISTICS_NORECOMPUTE = OFF, SORT_IN_TEMPDB = OFF, DROP_EXISTING = OFF, ONLINE = OFF, ALLOW_ROW_LOCKS = ON, ALLOW_PAGE_LOCKS = ON) ON [PRIMARY]
GO
/****** Object:  Index [IX_SedeId]    Script Date: 09/01/2020 21:23:08 ******/
CREATE NONCLUSTERED INDEX [IX_SedeId] ON [dbo].[Dispositivoes]
(
	[SedeId] ASC
)WITH (PAD_INDEX = OFF, STATISTICS_NORECOMPUTE = OFF, SORT_IN_TEMPDB = OFF, DROP_EXISTING = OFF, ONLINE = OFF, ALLOW_ROW_LOCKS = ON, ALLOW_PAGE_LOCKS = ON) ON [PRIMARY]
GO
SET ANSI_PADDING ON
GO
/****** Object:  Index [Estado_Nombre_Index]    Script Date: 09/01/2020 21:23:08 ******/
CREATE UNIQUE NONCLUSTERED INDEX [Estado_Nombre_Index] ON [dbo].[Estadoes]
(
	[Nombre] ASC
)WITH (PAD_INDEX = OFF, STATISTICS_NORECOMPUTE = OFF, SORT_IN_TEMPDB = OFF, IGNORE_DUP_KEY = OFF, DROP_EXISTING = OFF, ONLINE = OFF, ALLOW_ROW_LOCKS = ON, ALLOW_PAGE_LOCKS = ON) ON [PRIMARY]
GO
/****** Object:  Index [IX_Usuario_Usuarioid]    Script Date: 09/01/2020 21:23:08 ******/
CREATE NONCLUSTERED INDEX [IX_Usuario_Usuarioid] ON [dbo].[Eventos]
(
	[Usuario_Usuarioid] ASC
)WITH (PAD_INDEX = OFF, STATISTICS_NORECOMPUTE = OFF, SORT_IN_TEMPDB = OFF, DROP_EXISTING = OFF, ONLINE = OFF, ALLOW_ROW_LOCKS = ON, ALLOW_PAGE_LOCKS = ON) ON [PRIMARY]
GO
/****** Object:  Index [IX_DispositivoId]    Script Date: 09/01/2020 21:23:08 ******/
CREATE NONCLUSTERED INDEX [IX_DispositivoId] ON [dbo].[Historicoes]
(
	[DispositivoId] ASC
)WITH (PAD_INDEX = OFF, STATISTICS_NORECOMPUTE = OFF, SORT_IN_TEMPDB = OFF, DROP_EXISTING = OFF, ONLINE = OFF, ALLOW_ROW_LOCKS = ON, ALLOW_PAGE_LOCKS = ON) ON [PRIMARY]
GO
/****** Object:  Index [IX_TipoId]    Script Date: 09/01/2020 21:23:08 ******/
CREATE NONCLUSTERED INDEX [IX_TipoId] ON [dbo].[Historicoes]
(
	[TipoId] ASC
)WITH (PAD_INDEX = OFF, STATISTICS_NORECOMPUTE = OFF, SORT_IN_TEMPDB = OFF, DROP_EXISTING = OFF, ONLINE = OFF, ALLOW_ROW_LOCKS = ON, ALLOW_PAGE_LOCKS = ON) ON [PRIMARY]
GO
/****** Object:  Index [IX_UsuarioId]    Script Date: 09/01/2020 21:23:08 ******/
CREATE NONCLUSTERED INDEX [IX_UsuarioId] ON [dbo].[Historicoes]
(
	[UsuarioId] ASC
)WITH (PAD_INDEX = OFF, STATISTICS_NORECOMPUTE = OFF, SORT_IN_TEMPDB = OFF, DROP_EXISTING = OFF, ONLINE = OFF, ALLOW_ROW_LOCKS = ON, ALLOW_PAGE_LOCKS = ON) ON [PRIMARY]
GO
/****** Object:  Index [IX_CentrodecostoId]    Script Date: 09/01/2020 21:23:08 ******/
CREATE NONCLUSTERED INDEX [IX_CentrodecostoId] ON [dbo].[Laboratorios]
(
	[CentrodecostoId] ASC
)WITH (PAD_INDEX = OFF, STATISTICS_NORECOMPUTE = OFF, SORT_IN_TEMPDB = OFF, DROP_EXISTING = OFF, ONLINE = OFF, ALLOW_ROW_LOCKS = ON, ALLOW_PAGE_LOCKS = ON) ON [PRIMARY]
GO
SET ANSI_PADDING ON
GO
/****** Object:  Index [Laboratorio_Nombre_Index]    Script Date: 09/01/2020 21:23:08 ******/
CREATE UNIQUE NONCLUSTERED INDEX [Laboratorio_Nombre_Index] ON [dbo].[Laboratorios]
(
	[SedeId] ASC,
	[Nombre] ASC
)WITH (PAD_INDEX = OFF, STATISTICS_NORECOMPUTE = OFF, SORT_IN_TEMPDB = OFF, IGNORE_DUP_KEY = OFF, DROP_EXISTING = OFF, ONLINE = OFF, ALLOW_ROW_LOCKS = ON, ALLOW_PAGE_LOCKS = ON) ON [PRIMARY]
GO
/****** Object:  Index [IX_Dispositivo_DispositivoId]    Script Date: 09/01/2020 21:23:08 ******/
CREATE NONCLUSTERED INDEX [IX_Dispositivo_DispositivoId] ON [dbo].[Reportes]
(
	[Dispositivo_DispositivoId] ASC
)WITH (PAD_INDEX = OFF, STATISTICS_NORECOMPUTE = OFF, SORT_IN_TEMPDB = OFF, DROP_EXISTING = OFF, ONLINE = OFF, ALLOW_ROW_LOCKS = ON, ALLOW_PAGE_LOCKS = ON) ON [PRIMARY]
GO
/****** Object:  Index [IX_EstadoId]    Script Date: 09/01/2020 21:23:08 ******/
CREATE NONCLUSTERED INDEX [IX_EstadoId] ON [dbo].[Reportes]
(
	[EstadoId] ASC
)WITH (PAD_INDEX = OFF, STATISTICS_NORECOMPUTE = OFF, SORT_IN_TEMPDB = OFF, DROP_EXISTING = OFF, ONLINE = OFF, ALLOW_ROW_LOCKS = ON, ALLOW_PAGE_LOCKS = ON) ON [PRIMARY]
GO
/****** Object:  Index [IX_Reporte_ReporteId]    Script Date: 09/01/2020 21:23:08 ******/
CREATE NONCLUSTERED INDEX [IX_Reporte_ReporteId] ON [dbo].[Reportes]
(
	[Reporte_ReporteId] ASC
)WITH (PAD_INDEX = OFF, STATISTICS_NORECOMPUTE = OFF, SORT_IN_TEMPDB = OFF, DROP_EXISTING = OFF, ONLINE = OFF, ALLOW_ROW_LOCKS = ON, ALLOW_PAGE_LOCKS = ON) ON [PRIMARY]
GO
SET ANSI_PADDING ON
GO
/****** Object:  Index [Sede_Nombre_Index]    Script Date: 09/01/2020 21:23:08 ******/
CREATE UNIQUE NONCLUSTERED INDEX [Sede_Nombre_Index] ON [dbo].[Sedes]
(
	[Nombre] ASC
)WITH (PAD_INDEX = OFF, STATISTICS_NORECOMPUTE = OFF, SORT_IN_TEMPDB = OFF, IGNORE_DUP_KEY = OFF, DROP_EXISTING = OFF, ONLINE = OFF, ALLOW_ROW_LOCKS = ON, ALLOW_PAGE_LOCKS = ON) ON [PRIMARY]
GO
SET ANSI_PADDING ON
GO
/****** Object:  Index [Estado_Nombre_Index]    Script Date: 09/01/2020 21:23:08 ******/
CREATE UNIQUE NONCLUSTERED INDEX [Estado_Nombre_Index] ON [dbo].[Tipo_Historico]
(
	[Nombre] ASC
)WITH (PAD_INDEX = OFF, STATISTICS_NORECOMPUTE = OFF, SORT_IN_TEMPDB = OFF, IGNORE_DUP_KEY = OFF, DROP_EXISTING = OFF, ONLINE = OFF, ALLOW_ROW_LOCKS = ON, ALLOW_PAGE_LOCKS = ON) ON [PRIMARY]
GO
/****** Object:  Index [IX_LaboratorioId]    Script Date: 09/01/2020 21:23:08 ******/
CREATE NONCLUSTERED INDEX [IX_LaboratorioId] ON [dbo].[Usuarios]
(
	[LaboratorioId] ASC
)WITH (PAD_INDEX = OFF, STATISTICS_NORECOMPUTE = OFF, SORT_IN_TEMPDB = OFF, DROP_EXISTING = OFF, ONLINE = OFF, ALLOW_ROW_LOCKS = ON, ALLOW_PAGE_LOCKS = ON) ON [PRIMARY]
GO
/****** Object:  Index [IX_SedeId]    Script Date: 09/01/2020 21:23:08 ******/
CREATE NONCLUSTERED INDEX [IX_SedeId] ON [dbo].[Usuarios]
(
	[SedeId] ASC
)WITH (PAD_INDEX = OFF, STATISTICS_NORECOMPUTE = OFF, SORT_IN_TEMPDB = OFF, DROP_EXISTING = OFF, ONLINE = OFF, ALLOW_ROW_LOCKS = ON, ALLOW_PAGE_LOCKS = ON) ON [PRIMARY]
GO
SET ANSI_PADDING ON
GO
/****** Object:  Index [Usuario_Documento_Index]    Script Date: 09/01/2020 21:23:08 ******/
CREATE UNIQUE NONCLUSTERED INDEX [Usuario_Documento_Index] ON [dbo].[Usuarios]
(
	[Documento] ASC
)WITH (PAD_INDEX = OFF, STATISTICS_NORECOMPUTE = OFF, SORT_IN_TEMPDB = OFF, IGNORE_DUP_KEY = OFF, DROP_EXISTING = OFF, ONLINE = OFF, ALLOW_ROW_LOCKS = ON, ALLOW_PAGE_LOCKS = ON) ON [PRIMARY]
GO
SET ANSI_PADDING ON
GO
/****** Object:  Index [Usuario_Nombre_Index]    Script Date: 09/01/2020 21:23:08 ******/
CREATE UNIQUE NONCLUSTERED INDEX [Usuario_Nombre_Index] ON [dbo].[Usuarios]
(
	[Logueo] ASC
)WITH (PAD_INDEX = OFF, STATISTICS_NORECOMPUTE = OFF, SORT_IN_TEMPDB = OFF, IGNORE_DUP_KEY = OFF, DROP_EXISTING = OFF, ONLINE = OFF, ALLOW_ROW_LOCKS = ON, ALLOW_PAGE_LOCKS = ON) ON [PRIMARY]
GO
ALTER TABLE [dbo].[AspNetUserClaims]  WITH CHECK ADD  CONSTRAINT [FK_dbo.AspNetUserClaims_dbo.AspNetUsers_UserId] FOREIGN KEY([UserId])
REFERENCES [dbo].[AspNetUsers] ([Id])
ON DELETE CASCADE
GO
ALTER TABLE [dbo].[AspNetUserClaims] CHECK CONSTRAINT [FK_dbo.AspNetUserClaims_dbo.AspNetUsers_UserId]
GO
ALTER TABLE [dbo].[AspNetUserLogins]  WITH CHECK ADD  CONSTRAINT [FK_dbo.AspNetUserLogins_dbo.AspNetUsers_UserId] FOREIGN KEY([UserId])
REFERENCES [dbo].[AspNetUsers] ([Id])
ON DELETE CASCADE
GO
ALTER TABLE [dbo].[AspNetUserLogins] CHECK CONSTRAINT [FK_dbo.AspNetUserLogins_dbo.AspNetUsers_UserId]
GO
ALTER TABLE [dbo].[AspNetUserRoles]  WITH CHECK ADD  CONSTRAINT [FK_dbo.AspNetUserRoles_dbo.AspNetRoles_RoleId] FOREIGN KEY([RoleId])
REFERENCES [dbo].[AspNetRoles] ([Id])
ON DELETE CASCADE
GO
ALTER TABLE [dbo].[AspNetUserRoles] CHECK CONSTRAINT [FK_dbo.AspNetUserRoles_dbo.AspNetRoles_RoleId]
GO
ALTER TABLE [dbo].[AspNetUserRoles]  WITH CHECK ADD  CONSTRAINT [FK_dbo.AspNetUserRoles_dbo.AspNetUsers_UserId] FOREIGN KEY([UserId])
REFERENCES [dbo].[AspNetUsers] ([Id])
ON DELETE CASCADE
GO
ALTER TABLE [dbo].[AspNetUserRoles] CHECK CONSTRAINT [FK_dbo.AspNetUserRoles_dbo.AspNetUsers_UserId]
GO
ALTER TABLE [dbo].[Centrodecostoes]  WITH CHECK ADD  CONSTRAINT [FK_dbo.Centrodecostoes_dbo.Sedes_SedeId] FOREIGN KEY([SedeId])
REFERENCES [dbo].[Sedes] ([SedeId])
GO
ALTER TABLE [dbo].[Centrodecostoes] CHECK CONSTRAINT [FK_dbo.Centrodecostoes_dbo.Sedes_SedeId]
GO
ALTER TABLE [dbo].[Dispositivoes]  WITH CHECK ADD  CONSTRAINT [FK_dbo.Dispositivoes_dbo.Estadoes_EstadoId] FOREIGN KEY([EstadoId])
REFERENCES [dbo].[Estadoes] ([EstadoId])
GO
ALTER TABLE [dbo].[Dispositivoes] CHECK CONSTRAINT [FK_dbo.Dispositivoes_dbo.Estadoes_EstadoId]
GO
ALTER TABLE [dbo].[Dispositivoes]  WITH CHECK ADD  CONSTRAINT [FK_dbo.Dispositivoes_dbo.Laboratorios_LaboratorioId] FOREIGN KEY([LaboratorioId])
REFERENCES [dbo].[Laboratorios] ([LaboratorioId])
GO
ALTER TABLE [dbo].[Dispositivoes] CHECK CONSTRAINT [FK_dbo.Dispositivoes_dbo.Laboratorios_LaboratorioId]
GO
ALTER TABLE [dbo].[Dispositivoes]  WITH CHECK ADD  CONSTRAINT [FK_dbo.Dispositivoes_dbo.Sedes_SedeId] FOREIGN KEY([SedeId])
REFERENCES [dbo].[Sedes] ([SedeId])
GO
ALTER TABLE [dbo].[Dispositivoes] CHECK CONSTRAINT [FK_dbo.Dispositivoes_dbo.Sedes_SedeId]
GO
ALTER TABLE [dbo].[Eventos]  WITH CHECK ADD  CONSTRAINT [FK_dbo.Eventos_dbo.Usuarios_Usuario_Usuarioid] FOREIGN KEY([Usuario_Usuarioid])
REFERENCES [dbo].[Usuarios] ([Usuarioid])
GO
ALTER TABLE [dbo].[Eventos] CHECK CONSTRAINT [FK_dbo.Eventos_dbo.Usuarios_Usuario_Usuarioid]
GO
ALTER TABLE [dbo].[Historicoes]  WITH CHECK ADD  CONSTRAINT [FK_dbo.Historicoes_dbo.Dispositivoes_DispositivoId] FOREIGN KEY([DispositivoId])
REFERENCES [dbo].[Dispositivoes] ([DispositivoId])
GO
ALTER TABLE [dbo].[Historicoes] CHECK CONSTRAINT [FK_dbo.Historicoes_dbo.Dispositivoes_DispositivoId]
GO
ALTER TABLE [dbo].[Historicoes]  WITH CHECK ADD  CONSTRAINT [FK_dbo.Historicoes_dbo.Tipo_Historico_TipoId] FOREIGN KEY([TipoId])
REFERENCES [dbo].[Tipo_Historico] ([TipoId])
GO
ALTER TABLE [dbo].[Historicoes] CHECK CONSTRAINT [FK_dbo.Historicoes_dbo.Tipo_Historico_TipoId]
GO
ALTER TABLE [dbo].[Historicoes]  WITH CHECK ADD  CONSTRAINT [FK_dbo.Historicoes_dbo.Usuarios_UsuarioId] FOREIGN KEY([UsuarioId])
REFERENCES [dbo].[Usuarios] ([Usuarioid])
GO
ALTER TABLE [dbo].[Historicoes] CHECK CONSTRAINT [FK_dbo.Historicoes_dbo.Usuarios_UsuarioId]
GO
ALTER TABLE [dbo].[Laboratorios]  WITH CHECK ADD  CONSTRAINT [FK_dbo.Laboratorios_dbo.Centrodecostoes_CentrodecostoId] FOREIGN KEY([CentrodecostoId])
REFERENCES [dbo].[Centrodecostoes] ([CentrodecostoId])
GO
ALTER TABLE [dbo].[Laboratorios] CHECK CONSTRAINT [FK_dbo.Laboratorios_dbo.Centrodecostoes_CentrodecostoId]
GO
ALTER TABLE [dbo].[Laboratorios]  WITH CHECK ADD  CONSTRAINT [FK_dbo.Laboratorios_dbo.Sedes_SedeId] FOREIGN KEY([SedeId])
REFERENCES [dbo].[Sedes] ([SedeId])
GO
ALTER TABLE [dbo].[Laboratorios] CHECK CONSTRAINT [FK_dbo.Laboratorios_dbo.Sedes_SedeId]
GO
ALTER TABLE [dbo].[Reportes]  WITH CHECK ADD  CONSTRAINT [FK_dbo.Reportes_dbo.Dispositivoes_Dispositivo_DispositivoId] FOREIGN KEY([Dispositivo_DispositivoId])
REFERENCES [dbo].[Dispositivoes] ([DispositivoId])
GO
ALTER TABLE [dbo].[Reportes] CHECK CONSTRAINT [FK_dbo.Reportes_dbo.Dispositivoes_Dispositivo_DispositivoId]
GO
ALTER TABLE [dbo].[Reportes]  WITH CHECK ADD  CONSTRAINT [FK_dbo.Reportes_dbo.Estadoes_EstadoId] FOREIGN KEY([EstadoId])
REFERENCES [dbo].[Estadoes] ([EstadoId])
GO
ALTER TABLE [dbo].[Reportes] CHECK CONSTRAINT [FK_dbo.Reportes_dbo.Estadoes_EstadoId]
GO
ALTER TABLE [dbo].[Reportes]  WITH CHECK ADD  CONSTRAINT [FK_dbo.Reportes_dbo.Reportes_Reporte_ReporteId] FOREIGN KEY([Reporte_ReporteId])
REFERENCES [dbo].[Reportes] ([ReporteId])
GO
ALTER TABLE [dbo].[Reportes] CHECK CONSTRAINT [FK_dbo.Reportes_dbo.Reportes_Reporte_ReporteId]
GO
ALTER TABLE [dbo].[Usuarios]  WITH CHECK ADD  CONSTRAINT [FK_dbo.Usuarios_dbo.Laboratorios_LaboratorioId] FOREIGN KEY([LaboratorioId])
REFERENCES [dbo].[Laboratorios] ([LaboratorioId])
GO
ALTER TABLE [dbo].[Usuarios] CHECK CONSTRAINT [FK_dbo.Usuarios_dbo.Laboratorios_LaboratorioId]
GO
ALTER TABLE [dbo].[Usuarios]  WITH CHECK ADD  CONSTRAINT [FK_dbo.Usuarios_dbo.Sedes_SedeId] FOREIGN KEY([SedeId])
REFERENCES [dbo].[Sedes] ([SedeId])
GO
ALTER TABLE [dbo].[Usuarios] CHECK CONSTRAINT [FK_dbo.Usuarios_dbo.Sedes_SedeId]
GO
/****** Object:  StoredProcedure [dbo].[Borar_contenido]    Script Date: 09/01/2020 21:23:08 ******/
SET ANSI_NULLS ON
GO
SET QUOTED_IDENTIFIER ON
GO
CREATE PROCEDURE [dbo].[Borar_contenido]
	
AS
BEGIN
	
	DELETE FROM dbo.Reportes
END
GO
/****** Object:  StoredProcedure [dbo].[Borrar_contenido]    Script Date: 09/01/2020 21:23:08 ******/
SET ANSI_NULLS ON
GO
SET QUOTED_IDENTIFIER ON
GO

CREATE PROCEDURE [dbo].[Borrar_contenido]
	
AS
BEGIN
	
	
DELETE dbo.Reportes
    
END
GO
USE [master]
GO
ALTER DATABASE [Inventory] SET  READ_WRITE 
GO
