USE [Inventory]
GO
INSERT [dbo].[AspNetRoles] ([Id], [Name]) VALUES (N'31319ee0-ce2b-4260-97f5-ca78de182236', N'Administrador')
INSERT [dbo].[AspNetRoles] ([Id], [Name]) VALUES (N'832e7cc9-1405-4f8b-a5c5-67087dcae5cc', N'Usuario')
INSERT [dbo].[AspNetUsers] ([Id], [Email], [EmailConfirmed], [PasswordHash], [SecurityStamp], [PhoneNumber], [PhoneNumberConfirmed], [TwoFactorEnabled], [LockoutEndDateUtc], [LockoutEnabled], [AccessFailedCount], [UserName]) VALUES (N'50d7a9c0-9a5d-403c-9fce-3f791229de3d', N'itminventory@gmail.com', 0, N'AKG6RqcI3sFOCF/NCSEDzjyoEnnsMcz5qBE8VVYt0ZG80IVDYWblXOnGQciWz+/mbQ==', N'cb07fc51-2990-4eff-9720-37bd83d7477c', N'11111111', 0, 0, NULL, 0, 0, N'itminventory@gmail.com')
INSERT [dbo].[AspNetUsers] ([Id], [Email], [EmailConfirmed], [PasswordHash], [SecurityStamp], [PhoneNumber], [PhoneNumberConfirmed], [TwoFactorEnabled], [LockoutEndDateUtc], [LockoutEnabled], [AccessFailedCount], [UserName]) VALUES (N'5d5974a7-6626-497d-8e41-ab5c7682d90c', N'wilferbv0602@gmail.com', 1, N'ANyxRPQXHAwykSsrZ/hWQdj6nFfYibuaDaqgwkSOwBKe67VIsu31tIiXboEu5RRhtA==', N'c87aec4f-c248-4e3a-bbfb-bbe0567ca8ce', N'5068830', 0, 0, NULL, 0, 0, N'wilferbv0602@gmail.com')
INSERT [dbo].[AspNetUsers] ([Id], [Email], [EmailConfirmed], [PasswordHash], [SecurityStamp], [PhoneNumber], [PhoneNumberConfirmed], [TwoFactorEnabled], [LockoutEndDateUtc], [LockoutEnabled], [AccessFailedCount], [UserName]) VALUES (N'cafe67eb-42dd-4729-a2d0-912946061b16', N'ab6588317@gmail.com', 0, N'ABH3KFO0/uUcZMr+0ZiQ0uQ3DCEE/5dbkGDffUbWuNihUNiLJeJbf3x0la56JThSHw==', N'b9257b15-785e-4750-8e9f-886987fee4cc', N'5214875', 0, 0, NULL, 0, 0, N'ab6588317@gmail.com')
INSERT [dbo].[AspNetUsers] ([Id], [Email], [EmailConfirmed], [PasswordHash], [SecurityStamp], [PhoneNumber], [PhoneNumberConfirmed], [TwoFactorEnabled], [LockoutEndDateUtc], [LockoutEnabled], [AccessFailedCount], [UserName]) VALUES (N'd85454bc-fbed-49d3-bf24-77e2ffd2efad', N'carlosvalderrama082@gmail.com', 0, N'AJmpe05hsSKK6zrm6MXRmk+wp/8t8x53gPCkqP7kxLBuCPUkYQnKNh0rHdjTvcJGPg==', N'c8eadfe3-3466-4f2f-a9d1-5e632db681d8', N'3254897584', 0, 0, NULL, 0, 0, N'carlosvalderrama082@gmail.com')
INSERT [dbo].[AspNetUserRoles] ([UserId], [RoleId]) VALUES (N'50d7a9c0-9a5d-403c-9fce-3f791229de3d', N'31319ee0-ce2b-4260-97f5-ca78de182236')
INSERT [dbo].[AspNetUserRoles] ([UserId], [RoleId]) VALUES (N'5d5974a7-6626-497d-8e41-ab5c7682d90c', N'31319ee0-ce2b-4260-97f5-ca78de182236')
INSERT [dbo].[AspNetUserRoles] ([UserId], [RoleId]) VALUES (N'cafe67eb-42dd-4729-a2d0-912946061b16', N'832e7cc9-1405-4f8b-a5c5-67087dcae5cc')
INSERT [dbo].[AspNetUserRoles] ([UserId], [RoleId]) VALUES (N'd85454bc-fbed-49d3-bf24-77e2ffd2efad', N'832e7cc9-1405-4f8b-a5c5-67087dcae5cc')
SET IDENTITY_INSERT [dbo].[Sedes] ON 

INSERT [dbo].[Sedes] ([SedeId], [Nombre], [Direccion], [Telefono], [Estado]) VALUES (1, N'Campus Robledo', N'Calle 73 No. 76A - 354, Vía al Volador', N'440 51 00', N'Activa')
INSERT [dbo].[Sedes] ([SedeId], [Nombre], [Direccion], [Telefono], [Estado]) VALUES (2, N'Campus Fraternidad', N'Calle 54A No. 30 - 01, Barrio Boston', N'460 07 27', N'Activa')
SET IDENTITY_INSERT [dbo].[Sedes] OFF
SET IDENTITY_INSERT [dbo].[Centrodecostoes] ON 

INSERT [dbo].[Centrodecostoes] ([CentrodecostoId], [Nombre], [Estado], [SedeId]) VALUES (1, N'ROB0000001', N'Activo', 1)
INSERT [dbo].[Centrodecostoes] ([CentrodecostoId], [Nombre], [Estado], [SedeId]) VALUES (2, N'ROB0000002', N'Activo', 1)
INSERT [dbo].[Centrodecostoes] ([CentrodecostoId], [Nombre], [Estado], [SedeId]) VALUES (3, N'ROB0000003', N'Activo', 1)
INSERT [dbo].[Centrodecostoes] ([CentrodecostoId], [Nombre], [Estado], [SedeId]) VALUES (6, N'BOS0000001', N'Activo', 2)
INSERT [dbo].[Centrodecostoes] ([CentrodecostoId], [Nombre], [Estado], [SedeId]) VALUES (7, N'BOS0000002', N'Activo', 2)
SET IDENTITY_INSERT [dbo].[Centrodecostoes] OFF
SET IDENTITY_INSERT [dbo].[Laboratorios] ON 

INSERT [dbo].[Laboratorios] ([LaboratorioId], [Nombre], [Telefono], [Estado], [SedeId], [CentrodecostoId]) VALUES (1, N'Centro de laboratorios', N'440 51 00', N'Activo', 1, 1)
INSERT [dbo].[Laboratorios] ([LaboratorioId], [Nombre], [Telefono], [Estado], [SedeId], [CentrodecostoId]) VALUES (2, N'Redes', N'440 51 00', N'Activo', 1, 3)
INSERT [dbo].[Laboratorios] ([LaboratorioId], [Nombre], [Telefono], [Estado], [SedeId], [CentrodecostoId]) VALUES (3, N'Circuitos', N'440 51 00', N'Activo', 1, 2)
INSERT [dbo].[Laboratorios] ([LaboratorioId], [Nombre], [Telefono], [Estado], [SedeId], [CentrodecostoId]) VALUES (6, N'Redes', N'460 07 27', N'Activo', 2, 6)
INSERT [dbo].[Laboratorios] ([LaboratorioId], [Nombre], [Telefono], [Estado], [SedeId], [CentrodecostoId]) VALUES (7, N'Circuitos', N'460 07 27', N'Activo', 2, 7)
SET IDENTITY_INSERT [dbo].[Laboratorios] OFF
SET IDENTITY_INSERT [dbo].[Estadoes] ON 

INSERT [dbo].[Estadoes] ([EstadoId], [Nombre]) VALUES (1, N'Activo')
INSERT [dbo].[Estadoes] ([EstadoId], [Nombre]) VALUES (4, N'Dado de baja')
INSERT [dbo].[Estadoes] ([EstadoId], [Nombre]) VALUES (2, N'Inactivo')
INSERT [dbo].[Estadoes] ([EstadoId], [Nombre]) VALUES (3, N'Mantenimiento')
SET IDENTITY_INSERT [dbo].[Estadoes] OFF
SET IDENTITY_INSERT [dbo].[Dispositivoes] ON 

INSERT [dbo].[Dispositivoes] ([DispositivoId], [Identificador], [Nombre], [Marca], [Modelo], [Precio], [Serial], [Fecha], [SedeId], [LaboratorioId], [EstadoInventario], [Observaciones], [EstadoId]) VALUES (1, N'81946769', N'Swich', N'HP', N'H2312', N'2576700', N'719X328HZ737718K33', CAST(N'2019-10-28T00:00:00.000' AS DateTime), 1, 2, N'No Inventariado', N'', 2)
INSERT [dbo].[Dispositivoes] ([DispositivoId], [Identificador], [Nombre], [Marca], [Modelo], [Precio], [Serial], [Fecha], [SedeId], [LaboratorioId], [EstadoInventario], [Observaciones], [EstadoId]) VALUES (2, N'50036764', N'Modem', N'AURORO', N'A2040', N'4828100', N'941T506UI155963K40', CAST(N'2020-01-14T00:00:00.000' AS DateTime), 1, 2, N'No Inventariado', N'', 1)
INSERT [dbo].[Dispositivoes] ([DispositivoId], [Identificador], [Nombre], [Marca], [Modelo], [Precio], [Serial], [Fecha], [SedeId], [LaboratorioId], [EstadoInventario], [Observaciones], [EstadoId]) VALUES (3, N'96222769', N'Probador de Red', N'TPLINK', N'TL2510', N'4565200', N'253Y963AZ457756J28', CAST(N'2019-12-15T00:00:00.000' AS DateTime), 1, 2, N'No Inventariado', N'', 1)
INSERT [dbo].[Dispositivoes] ([DispositivoId], [Identificador], [Nombre], [Marca], [Modelo], [Precio], [Serial], [Fecha], [SedeId], [LaboratorioId], [EstadoInventario], [Observaciones], [EstadoId]) VALUES (4, N'71022879', N'Ponchadora', N'TELNET', N'T4567', N'4702300', N'789Y358MH757705G17', CAST(N'2019-08-05T00:00:00.000' AS DateTime), 1, 2, N'No Inventariado', N'', 1)
INSERT [dbo].[Dispositivoes] ([DispositivoId], [Identificador], [Nombre], [Marca], [Modelo], [Precio], [Serial], [Fecha], [SedeId], [LaboratorioId], [EstadoInventario], [Observaciones], [EstadoId]) VALUES (5, N'55427971', N'Ponchadora', N'HP', N'H2330', N'3544400', N'948Y804RM400528A32', CAST(N'2019-09-11T00:00:00.000' AS DateTime), 1, 2, N'No Inventariado', N'', 1)
INSERT [dbo].[Dispositivoes] ([DispositivoId], [Identificador], [Nombre], [Marca], [Modelo], [Precio], [Serial], [Fecha], [SedeId], [LaboratorioId], [EstadoInventario], [Observaciones], [EstadoId]) VALUES (6, N'34609353', N'Computador', N'DELL', N'DL76567', N'2759900', N'593J998CZ438950H15', CAST(N'2020-01-05T00:00:00.000' AS DateTime), 1, 2, N'No Inventariado', N'', 1)
INSERT [dbo].[Dispositivoes] ([DispositivoId], [Identificador], [Nombre], [Marca], [Modelo], [Precio], [Serial], [Fecha], [SedeId], [LaboratorioId], [EstadoInventario], [Observaciones], [EstadoId]) VALUES (7, N'67628837', N'Computador', N'DELL', N'DL76568', N'4227300', N'297W788UL348709R17', CAST(N'2019-11-25T00:00:00.000' AS DateTime), 1, 2, N'No Inventariado', N'', 1)
INSERT [dbo].[Dispositivoes] ([DispositivoId], [Identificador], [Nombre], [Marca], [Modelo], [Precio], [Serial], [Fecha], [SedeId], [LaboratorioId], [EstadoInventario], [Observaciones], [EstadoId]) VALUES (8, N'13171339', N'Accespoint', N'DLINK', N'DL20352', N'3440700', N'633K795GY442867N42', CAST(N'2019-09-19T00:00:00.000' AS DateTime), 1, 2, N'No Inventariado', N'', 1)
INSERT [dbo].[Dispositivoes] ([DispositivoId], [Identificador], [Nombre], [Marca], [Modelo], [Precio], [Serial], [Fecha], [SedeId], [LaboratorioId], [EstadoInventario], [Observaciones], [EstadoId]) VALUES (9, N'68573217', N'Router', N'DLINK', N'DL45897', N'3048100', N'588S209SA544775M2', CAST(N'2019-11-26T00:00:00.000' AS DateTime), 1, 2, N'No Inventariado', N'', 1)
INSERT [dbo].[Dispositivoes] ([DispositivoId], [Identificador], [Nombre], [Marca], [Modelo], [Precio], [Serial], [Fecha], [SedeId], [LaboratorioId], [EstadoInventario], [Observaciones], [EstadoId]) VALUES (10, N'14817498', N'Multimetro', N'HP', N'H06043', N'2516800', N'886S163WI883406Q14', CAST(N'2019-11-21T00:00:00.000' AS DateTime), 1, 3, N'No Inventariado', N'', 1)
INSERT [dbo].[Dispositivoes] ([DispositivoId], [Identificador], [Nombre], [Marca], [Modelo], [Precio], [Serial], [Fecha], [SedeId], [LaboratorioId], [EstadoInventario], [Observaciones], [EstadoId]) VALUES (11, N'46305695', N'Espectometro', N'AURORO', N'A45987', N'3467600', N'347I540OJ544177E1', CAST(N'2019-09-13T00:00:00.000' AS DateTime), 1, 3, N'No Inventariado', N'', 1)
INSERT [dbo].[Dispositivoes] ([DispositivoId], [Identificador], [Nombre], [Marca], [Modelo], [Precio], [Serial], [Fecha], [SedeId], [LaboratorioId], [EstadoInventario], [Observaciones], [EstadoId]) VALUES (12, N'52651722', N'Osciloscopio', N'TPLINK', N'TL098453', N'2663900', N'172G672FE592614R4', CAST(N'2019-09-30T00:00:00.000' AS DateTime), 1, 3, N'No Inventariado', N'', 1)
INSERT [dbo].[Dispositivoes] ([DispositivoId], [Identificador], [Nombre], [Marca], [Modelo], [Precio], [Serial], [Fecha], [SedeId], [LaboratorioId], [EstadoInventario], [Observaciones], [EstadoId]) VALUES (13, N'50672075', N'Medidor de carga monofasico', N'TELNET', N'TL876754', N'4094000', N'256U487IJ307237X56', CAST(N'2019-09-07T00:00:00.000' AS DateTime), 1, 3, N'No Inventariado', N'', 1)
INSERT [dbo].[Dispositivoes] ([DispositivoId], [Identificador], [Nombre], [Marca], [Modelo], [Precio], [Serial], [Fecha], [SedeId], [LaboratorioId], [EstadoInventario], [Observaciones], [EstadoId]) VALUES (14, N'16036213', N'Medidor de carga trifasico', N'HP', N'HNM5679', N'4153700', N'911G187TI805585N33', CAST(N'2019-08-01T00:00:00.000' AS DateTime), 1, 3, N'No Inventariado', N'', 1)
INSERT [dbo].[Dispositivoes] ([DispositivoId], [Identificador], [Nombre], [Marca], [Modelo], [Precio], [Serial], [Fecha], [SedeId], [LaboratorioId], [EstadoInventario], [Observaciones], [EstadoId]) VALUES (15, N'26142442', N'Pinza amperimetrica', N'DELL', N'DLP5467', N'4347500', N'341O909GN288748R37', CAST(N'2019-09-28T00:00:00.000' AS DateTime), 1, 3, N'No Inventariado', N'', 1)
INSERT [dbo].[Dispositivoes] ([DispositivoId], [Identificador], [Nombre], [Marca], [Modelo], [Precio], [Serial], [Fecha], [SedeId], [LaboratorioId], [EstadoInventario], [Observaciones], [EstadoId]) VALUES (16, N'29350426', N'Fuente de energia', N'DELL', N'DLW3421', N'4504400', N'243I710XH447367V50', CAST(N'2019-09-08T00:00:00.000' AS DateTime), 1, 3, N'No Inventariado', N'', 1)
INSERT [dbo].[Dispositivoes] ([DispositivoId], [Identificador], [Nombre], [Marca], [Modelo], [Precio], [Serial], [Fecha], [SedeId], [LaboratorioId], [EstadoInventario], [Observaciones], [EstadoId]) VALUES (17, N'16211604', N'Multimetro', N'DLINK', N'D987012', N'4250900', N'249Q313BV851923I26', CAST(N'2019-10-23T00:00:00.000' AS DateTime), 1, 3, N'No Inventariado', N'', 1)
INSERT [dbo].[Dispositivoes] ([DispositivoId], [Identificador], [Nombre], [Marca], [Modelo], [Precio], [Serial], [Fecha], [SedeId], [LaboratorioId], [EstadoInventario], [Observaciones], [EstadoId]) VALUES (18, N'19636023', N'Computador', N'DLINK', N'DL5465789', N'2622500', N'513L797BG433677A20', CAST(N'2019-08-20T00:00:00.000' AS DateTime), 1, 3, N'No Inventariado', N'', 1)
INSERT [dbo].[Dispositivoes] ([DispositivoId], [Identificador], [Nombre], [Marca], [Modelo], [Precio], [Serial], [Fecha], [SedeId], [LaboratorioId], [EstadoInventario], [Observaciones], [EstadoId]) VALUES (19, N'14848009', N'Computador', N'KOALA', N'KA43526', N'3587600', N'197O819KF386854A52', CAST(N'2020-02-25T00:00:00.000' AS DateTime), 1, 3, N'No Inventariado', N'', 1)
INSERT [dbo].[Dispositivoes] ([DispositivoId], [Identificador], [Nombre], [Marca], [Modelo], [Precio], [Serial], [Fecha], [SedeId], [LaboratorioId], [EstadoInventario], [Observaciones], [EstadoId]) VALUES (20, N'29031025', N'Modem', N'AURORO', N'TL980102', N'2642900', N'178Y488JW351358P38', CAST(N'2019-12-31T00:00:00.000' AS DateTime), 2, 6, N'No Inventariado', N'', 1)
INSERT [dbo].[Dispositivoes] ([DispositivoId], [Identificador], [Nombre], [Marca], [Modelo], [Precio], [Serial], [Fecha], [SedeId], [LaboratorioId], [EstadoInventario], [Observaciones], [EstadoId]) VALUES (21, N'17773799', N'Swich', N'TELNET', N'TL980101', N'3883400', N'465F259BX238646Z40', CAST(N'2019-11-17T00:00:00.000' AS DateTime), 2, 6, N'No Inventariado', N'', 1)
INSERT [dbo].[Dispositivoes] ([DispositivoId], [Identificador], [Nombre], [Marca], [Modelo], [Precio], [Serial], [Fecha], [SedeId], [LaboratorioId], [EstadoInventario], [Observaciones], [EstadoId]) VALUES (22, N'21120559', N'Probador de Red', N'HWAWEY', N'TL980103', N'2754800', N'743E439KZ827709D42', CAST(N'2019-09-17T00:00:00.000' AS DateTime), 2, 6, N'No Inventariado', N'', 1)
INSERT [dbo].[Dispositivoes] ([DispositivoId], [Identificador], [Nombre], [Marca], [Modelo], [Precio], [Serial], [Fecha], [SedeId], [LaboratorioId], [EstadoInventario], [Observaciones], [EstadoId]) VALUES (23, N'36215307', N'Ponchadora', N'AURORO', N'TL980104', N'4612400', N'519P694HB918644T9', CAST(N'2020-01-26T00:00:00.000' AS DateTime), 2, 6, N'No Inventariado', N'', 1)
INSERT [dbo].[Dispositivoes] ([DispositivoId], [Identificador], [Nombre], [Marca], [Modelo], [Precio], [Serial], [Fecha], [SedeId], [LaboratorioId], [EstadoInventario], [Observaciones], [EstadoId]) VALUES (24, N'15558347', N'Ponchadora', N'HP', N'TL980105', N'4946700', N'283M418PJ748205N23', CAST(N'2019-12-01T00:00:00.000' AS DateTime), 2, 6, N'No Inventariado', N'', 1)
INSERT [dbo].[Dispositivoes] ([DispositivoId], [Identificador], [Nombre], [Marca], [Modelo], [Precio], [Serial], [Fecha], [SedeId], [LaboratorioId], [EstadoInventario], [Observaciones], [EstadoId]) VALUES (25, N'79962403', N'Computador', N'HP', N'TL980106', N'4520500', N'163E663CW903934P11', CAST(N'2019-12-27T00:00:00.000' AS DateTime), 2, 6, N'No Inventariado', N'', 1)
INSERT [dbo].[Dispositivoes] ([DispositivoId], [Identificador], [Nombre], [Marca], [Modelo], [Precio], [Serial], [Fecha], [SedeId], [LaboratorioId], [EstadoInventario], [Observaciones], [EstadoId]) VALUES (26, N'25631961', N'Computador', N'DELL', N'TL980107', N'3624700', N'189T366YQ803881Z34', CAST(N'2019-12-06T00:00:00.000' AS DateTime), 2, 6, N'No Inventariado', N'', 1)
INSERT [dbo].[Dispositivoes] ([DispositivoId], [Identificador], [Nombre], [Marca], [Modelo], [Precio], [Serial], [Fecha], [SedeId], [LaboratorioId], [EstadoInventario], [Observaciones], [EstadoId]) VALUES (27, N'49644701', N'Accespoint', N'TPLINK', N'TL980108', N'3791100', N'813X875QE121206A45', CAST(N'2019-12-16T00:00:00.000' AS DateTime), 2, 6, N'No Inventariado', N'', 1)
INSERT [dbo].[Dispositivoes] ([DispositivoId], [Identificador], [Nombre], [Marca], [Modelo], [Precio], [Serial], [Fecha], [SedeId], [LaboratorioId], [EstadoInventario], [Observaciones], [EstadoId]) VALUES (28, N'22892475', N'Router', N'TPLINK', N'TL980109', N'3125400', N'811P239ZJ999980D30', CAST(N'2019-08-04T00:00:00.000' AS DateTime), 2, 6, N'No Inventariado', N'', 1)
INSERT [dbo].[Dispositivoes] ([DispositivoId], [Identificador], [Nombre], [Marca], [Modelo], [Precio], [Serial], [Fecha], [SedeId], [LaboratorioId], [EstadoInventario], [Observaciones], [EstadoId]) VALUES (29, N'92636569', N'Multimetro', N'ARUBA', N'TL980110', N'3288800', N'352P675MO657368Q33', CAST(N'2019-12-25T00:00:00.000' AS DateTime), 2, 6, N'No Inventariado', N'', 1)
INSERT [dbo].[Dispositivoes] ([DispositivoId], [Identificador], [Nombre], [Marca], [Modelo], [Precio], [Serial], [Fecha], [SedeId], [LaboratorioId], [EstadoInventario], [Observaciones], [EstadoId]) VALUES (30, N'68771144', N'Espectometro', N'ARUBA', N'TL980111', N'3529700', N'814C328DB422509S9', CAST(N'2019-11-27T00:00:00.000' AS DateTime), 2, 6, N'No Inventariado', N'', 1)
INSERT [dbo].[Dispositivoes] ([DispositivoId], [Identificador], [Nombre], [Marca], [Modelo], [Precio], [Serial], [Fecha], [SedeId], [LaboratorioId], [EstadoInventario], [Observaciones], [EstadoId]) VALUES (31, N'45961265', N'Osciloscopio', N'HWAWEY', N'TL980112', N'3776300', N'518R653DJ348477W40', CAST(N'2019-11-07T00:00:00.000' AS DateTime), 2, 6, N'No Inventariado', N'', 1)
INSERT [dbo].[Dispositivoes] ([DispositivoId], [Identificador], [Nombre], [Marca], [Modelo], [Precio], [Serial], [Fecha], [SedeId], [LaboratorioId], [EstadoInventario], [Observaciones], [EstadoId]) VALUES (32, N'90483746', N'Medidor de carga monofasico', N'TELNET', N'TL980113', N'2822800', N'329C469LS524227P40', CAST(N'2019-09-11T00:00:00.000' AS DateTime), 2, 6, N'No Inventariado', N'', 1)
INSERT [dbo].[Dispositivoes] ([DispositivoId], [Identificador], [Nombre], [Marca], [Modelo], [Precio], [Serial], [Fecha], [SedeId], [LaboratorioId], [EstadoInventario], [Observaciones], [EstadoId]) VALUES (33, N'84652509', N'Medidor de carga trifasico', N'TELNET', N'TL980114', N'4636100', N'240H291BX143892J52', CAST(N'2019-12-03T00:00:00.000' AS DateTime), 2, 7, N'No Inventariado', N'', 2)
INSERT [dbo].[Dispositivoes] ([DispositivoId], [Identificador], [Nombre], [Marca], [Modelo], [Precio], [Serial], [Fecha], [SedeId], [LaboratorioId], [EstadoInventario], [Observaciones], [EstadoId]) VALUES (34, N'45556067', N'Pinza amperimetrica', N'DLINK', N'TL980115', N'4763900', N'293Z397DX574893V53', CAST(N'2019-12-04T00:00:00.000' AS DateTime), 2, 7, N'No Inventariado', N'', 1)
INSERT [dbo].[Dispositivoes] ([DispositivoId], [Identificador], [Nombre], [Marca], [Modelo], [Precio], [Serial], [Fecha], [SedeId], [LaboratorioId], [EstadoInventario], [Observaciones], [EstadoId]) VALUES (35, N'41512249', N'Fuente de energia', N'HP', N'TL980116', N'4838500', N'577W981DI737657L33', CAST(N'2019-11-02T00:00:00.000' AS DateTime), 2, 7, N'No Inventariado', N'', 1)
INSERT [dbo].[Dispositivoes] ([DispositivoId], [Identificador], [Nombre], [Marca], [Modelo], [Precio], [Serial], [Fecha], [SedeId], [LaboratorioId], [EstadoInventario], [Observaciones], [EstadoId]) VALUES (36, N'76903980', N'Multimetro', N'AURORO', N'TL980117', N'2850900', N'681C207KK945771T21', CAST(N'2019-08-04T00:00:00.000' AS DateTime), 2, 7, N'No Inventariado', N'', 1)
SET IDENTITY_INSERT [dbo].[Dispositivoes] OFF
SET IDENTITY_INSERT [dbo].[Usuarios] ON 

INSERT [dbo].[Usuarios] ([Usuarioid], [Logueo], [Nombre], [Apellidos], [Documento], [Direccion], [Telefono], [Cargo], [Rol], [Estado], [Valediasp], [SedeId], [Contraseña], [Confircontraseña], [CodigoRecuperarContraseña], [CodigoActivacion], [VerificacionEmail], [LaboratorioId]) VALUES (1, N'itminventory@gmail.com', N'Administrador', N'ITM', N'1111111', N'itm', N'11111111', N'Administrador', N'true', N'Activo', N' ', 1, NULL, NULL, NULL, N'00000000-0000-0000-0000-000000000000', 0, 2)
INSERT [dbo].[Usuarios] ([Usuarioid], [Logueo], [Nombre], [Apellidos], [Documento], [Direccion], [Telefono], [Cargo], [Rol], [Estado], [Valediasp], [SedeId], [Contraseña], [Confircontraseña], [CodigoRecuperarContraseña], [CodigoActivacion], [VerificacionEmail], [LaboratorioId]) VALUES (4, N'wilferbv0602@gmail.com', N'Wilfer Alcides', N'Berrio Velasquez', N'71389194', N'Calle 9b sur # 79 a 101 interior 1013', N'5068830', N'Asistente de sistemas', N'true', N'Activo', N'wilferbv0602@gmail.com', 2, NULL, NULL, NULL, N'00000000-0000-0000-0000-000000000000', 0, 7)
INSERT [dbo].[Usuarios] ([Usuarioid], [Logueo], [Nombre], [Apellidos], [Documento], [Direccion], [Telefono], [Cargo], [Rol], [Estado], [Valediasp], [SedeId], [Contraseña], [Confircontraseña], [CodigoRecuperarContraseña], [CodigoActivacion], [VerificacionEmail], [LaboratorioId]) VALUES (5, N'ab6588317@gmail.com', N'Andres', N'Beltran', N'45789456', N'Carre 43 a # 27-38 int 4578', N'5214875', N'Analista ', N'false', N'Inactivo', N'ab6588317@gmail.com', 1, NULL, NULL, NULL, N'00000000-0000-0000-0000-000000000000', 0, 2)
INSERT [dbo].[Usuarios] ([Usuarioid], [Logueo], [Nombre], [Apellidos], [Documento], [Direccion], [Telefono], [Cargo], [Rol], [Estado], [Valediasp], [SedeId], [Contraseña], [Confircontraseña], [CodigoRecuperarContraseña], [CodigoActivacion], [VerificacionEmail], [LaboratorioId]) VALUES (9, N'carlosvalderrama082@gmail.com', N'Carlos', N'Valderrama', N'85465789', N'Calle 93 # 70-23', N'3254897584', N'Auxiliar', N'false', N'Activo', N'carlosvalderrama082@gmail.com', 1, NULL, NULL, NULL, N'760fb9b3-7678-4bf3-8164-061f6f7eb2fb', 1, 2)
SET IDENTITY_INSERT [dbo].[Usuarios] OFF
SET IDENTITY_INSERT [dbo].[Tipo_Historico] ON 

INSERT [dbo].[Tipo_Historico] ([TipoId], [Nombre]) VALUES (1, N'Mantenimiento')
INSERT [dbo].[Tipo_Historico] ([TipoId], [Nombre]) VALUES (2, N'Seguimiento')
SET IDENTITY_INSERT [dbo].[Tipo_Historico] OFF
SET IDENTITY_INSERT [dbo].[Historicoes] ON 

INSERT [dbo].[Historicoes] ([HistoricoId], [TipoId], [Fecha], [Observaciones], [DispositivoId], [UsuarioId], [EstadodispositivoId]) VALUES (1, 2, CAST(N'2020-03-14T11:17:40.000' AS DateTime), N'los datos del dispositivo en su creacion fueron erroneos', 33, 1, 2)
INSERT [dbo].[Historicoes] ([HistoricoId], [TipoId], [Fecha], [Observaciones], [DispositivoId], [UsuarioId], [EstadodispositivoId]) VALUES (2, 2, CAST(N'2020-07-09T21:31:01.000' AS DateTime), N'Se encuentra en reparación por que se daño', 1, 9, 2)
SET IDENTITY_INSERT [dbo].[Historicoes] OFF
SET IDENTITY_INSERT [dbo].[Validadors] ON 

INSERT [dbo].[Validadors] ([ValidadorId], [Fecha], [UsuarioId], [SedeId], [LaboratorioId], [CentrodecostoId], [Firmausuario1], [Firmausuario2]) VALUES (1, CAST(N'2020-03-20T17:30:00.000' AS DateTime), 4, 2, 7, 6, NULL, NULL)
INSERT [dbo].[Validadors] ([ValidadorId], [Fecha], [UsuarioId], [SedeId], [LaboratorioId], [CentrodecostoId], [Firmausuario1], [Firmausuario2]) VALUES (2, CAST(N'2020-07-09T19:24:22.000' AS DateTime), 1, 1, 2, 1, NULL, NULL)
INSERT [dbo].[Validadors] ([ValidadorId], [Fecha], [UsuarioId], [SedeId], [LaboratorioId], [CentrodecostoId], [Firmausuario1], [Firmausuario2]) VALUES (3, CAST(N'2020-03-17T23:58:30.000' AS DateTime), 5, 1, 2, 1, NULL, NULL)
SET IDENTITY_INSERT [dbo].[Validadors] OFF
SET IDENTITY_INSERT [dbo].[Eventos] ON 

INSERT [dbo].[Eventos] ([EventoId], [UsuarioId], [Descripcion], [Fechcha], [IdRegModificado]) VALUES (1, 1, N'El usuario logueado genero un reporte de dispositivos de estado Activo.', CAST(N'2020-03-10T22:40:33.993' AS DateTime), 0)
INSERT [dbo].[Eventos] ([EventoId], [UsuarioId], [Descripcion], [Fechcha], [IdRegModificado]) VALUES (2, 1, N'El usuario logueado realizo la exportacion del reporte a formato pdf ', CAST(N'2020-03-10T22:40:39.630' AS DateTime), 0)
INSERT [dbo].[Eventos] ([EventoId], [UsuarioId], [Descripcion], [Fechcha], [IdRegModificado]) VALUES (3, 1, N'El usuario logueado realizo la exportacion del reporte a formato pdf ', CAST(N'2020-03-10T22:44:57.053' AS DateTime), 0)
INSERT [dbo].[Eventos] ([EventoId], [UsuarioId], [Descripcion], [Fechcha], [IdRegModificado]) VALUES (4, 1, N'El usuario logueado realizo la exportacion del reporte a formato pdf ', CAST(N'2020-03-10T22:48:37.983' AS DateTime), 0)
INSERT [dbo].[Eventos] ([EventoId], [UsuarioId], [Descripcion], [Fechcha], [IdRegModificado]) VALUES (5, 1, N'El usuario logueado realizo la exportacion del reporte a formato pdf ', CAST(N'2020-03-10T22:50:05.337' AS DateTime), 0)
INSERT [dbo].[Eventos] ([EventoId], [UsuarioId], [Descripcion], [Fechcha], [IdRegModificado]) VALUES (6, 1, N'El usuario logueado realizo la exportacion del reporte a formato pdf ', CAST(N'2020-03-10T22:51:11.563' AS DateTime), 0)
INSERT [dbo].[Eventos] ([EventoId], [UsuarioId], [Descripcion], [Fechcha], [IdRegModificado]) VALUES (7, 1, N'El usuario logueado realizo la exportacion del reporte a formato pdf ', CAST(N'2020-03-10T22:53:20.757' AS DateTime), 0)
INSERT [dbo].[Eventos] ([EventoId], [UsuarioId], [Descripcion], [Fechcha], [IdRegModificado]) VALUES (8, 1, N'El usuario logueado realizo la exportacion del reporte a formato pdf ', CAST(N'2020-03-10T22:54:37.003' AS DateTime), 0)
INSERT [dbo].[Eventos] ([EventoId], [UsuarioId], [Descripcion], [Fechcha], [IdRegModificado]) VALUES (9, 1, N'El usuario logueado registro un usuraio', CAST(N'2020-03-10T23:23:23.600' AS DateTime), 4)
INSERT [dbo].[Eventos] ([EventoId], [UsuarioId], [Descripcion], [Fechcha], [IdRegModificado]) VALUES (10, 4, N'El usuario logueado realizo la exportacion del reporte de validacion a formato pdf ', CAST(N'2020-03-11T00:12:54.197' AS DateTime), 0)
INSERT [dbo].[Eventos] ([EventoId], [UsuarioId], [Descripcion], [Fechcha], [IdRegModificado]) VALUES (11, 4, N'El usuario logueado realizo la exportacion del reporte de validacion a formato pdf ', CAST(N'2020-03-11T00:14:25.180' AS DateTime), 0)
INSERT [dbo].[Eventos] ([EventoId], [UsuarioId], [Descripcion], [Fechcha], [IdRegModificado]) VALUES (12, 4, N'El usuario logueado realizo la exportacion del reporte de validacion a formato pdf ', CAST(N'2020-03-11T00:14:47.127' AS DateTime), 0)
INSERT [dbo].[Eventos] ([EventoId], [UsuarioId], [Descripcion], [Fechcha], [IdRegModificado]) VALUES (13, 4, N'El usuario logueado realizo la exportacion del reporte de validacion a formato pdf ', CAST(N'2020-03-11T00:20:41.013' AS DateTime), 0)
INSERT [dbo].[Eventos] ([EventoId], [UsuarioId], [Descripcion], [Fechcha], [IdRegModificado]) VALUES (14, 4, N'El usuario logueado realizo la exportacion del reporte de validacion a formato pdf ', CAST(N'2020-03-11T00:20:52.067' AS DateTime), 0)
INSERT [dbo].[Eventos] ([EventoId], [UsuarioId], [Descripcion], [Fechcha], [IdRegModificado]) VALUES (15, 4, N'El usuario logueado realizo la exportacion del reporte de validacion a formato pdf ', CAST(N'2020-03-11T00:21:20.727' AS DateTime), 0)
INSERT [dbo].[Eventos] ([EventoId], [UsuarioId], [Descripcion], [Fechcha], [IdRegModificado]) VALUES (16, 4, N'El usuario logueado realizo la exportacion del reporte de validacion a formato pdf ', CAST(N'2020-03-11T00:21:51.503' AS DateTime), 0)
INSERT [dbo].[Eventos] ([EventoId], [UsuarioId], [Descripcion], [Fechcha], [IdRegModificado]) VALUES (17, 4, N'El usuario logueado realizo la exportacion del reporte de validacion a formato pdf ', CAST(N'2020-03-11T01:05:08.267' AS DateTime), 0)
INSERT [dbo].[Eventos] ([EventoId], [UsuarioId], [Descripcion], [Fechcha], [IdRegModificado]) VALUES (18, 4, N'El usuario logueado realizo la exportacion del reporte de validacion a formato pdf ', CAST(N'2020-03-11T01:19:27.070' AS DateTime), 0)
INSERT [dbo].[Eventos] ([EventoId], [UsuarioId], [Descripcion], [Fechcha], [IdRegModificado]) VALUES (19, 4, N'El usuario logueado realizo la exportacion del reporte de validacion a formato pdf ', CAST(N'2020-03-11T01:21:39.817' AS DateTime), 0)
INSERT [dbo].[Eventos] ([EventoId], [UsuarioId], [Descripcion], [Fechcha], [IdRegModificado]) VALUES (20, 4, N'El usuario logueado realizo la exportacion del reporte de validacion a formato pdf ', CAST(N'2020-03-11T01:28:44.883' AS DateTime), 0)
INSERT [dbo].[Eventos] ([EventoId], [UsuarioId], [Descripcion], [Fechcha], [IdRegModificado]) VALUES (21, 4, N'El usuario logueado realizo la exportacion del reporte de validacion a formato pdf ', CAST(N'2020-03-11T01:30:20.907' AS DateTime), 0)
INSERT [dbo].[Eventos] ([EventoId], [UsuarioId], [Descripcion], [Fechcha], [IdRegModificado]) VALUES (22, 4, N'El usuario logueado realizo la exportacion del reporte de validacion a formato pdf ', CAST(N'2020-03-11T01:33:03.713' AS DateTime), 0)
INSERT [dbo].[Eventos] ([EventoId], [UsuarioId], [Descripcion], [Fechcha], [IdRegModificado]) VALUES (23, 4, N'El usuario logueado realizo la exportacion del reporte de validacion a formato pdf ', CAST(N'2020-03-11T01:34:01.367' AS DateTime), 0)
INSERT [dbo].[Eventos] ([EventoId], [UsuarioId], [Descripcion], [Fechcha], [IdRegModificado]) VALUES (24, 4, N'El usuario logueado realizo la exportacion del reporte de validacion a formato pdf ', CAST(N'2020-03-11T01:34:23.137' AS DateTime), 0)
INSERT [dbo].[Eventos] ([EventoId], [UsuarioId], [Descripcion], [Fechcha], [IdRegModificado]) VALUES (25, 4, N'El usuario logueado realizo la exportacion del reporte de validacion a formato pdf ', CAST(N'2020-03-11T01:35:52.830' AS DateTime), 0)
INSERT [dbo].[Eventos] ([EventoId], [UsuarioId], [Descripcion], [Fechcha], [IdRegModificado]) VALUES (26, 1, N'El usuario logueado modifico los datos un dispositivo y quedo en estado Inactivo.', CAST(N'2020-03-14T11:17:40.587' AS DateTime), 33)
INSERT [dbo].[Eventos] ([EventoId], [UsuarioId], [Descripcion], [Fechcha], [IdRegModificado]) VALUES (27, 1, N'El usuario logueado registro un historico del dispositivo Medidor de carga trifasico.', CAST(N'2020-03-14T11:18:16.263' AS DateTime), 33)
INSERT [dbo].[Eventos] ([EventoId], [UsuarioId], [Descripcion], [Fechcha], [IdRegModificado]) VALUES (28, 1, N'El usuario logueado registro un usuraio', CAST(N'2020-03-17T19:04:55.710' AS DateTime), 5)
INSERT [dbo].[Eventos] ([EventoId], [UsuarioId], [Descripcion], [Fechcha], [IdRegModificado]) VALUES (29, 5, N'El usuario logueado realizo la exportacion del reporte de validacion a formato pdf ', CAST(N'2020-03-17T19:20:26.770' AS DateTime), 0)
INSERT [dbo].[Eventos] ([EventoId], [UsuarioId], [Descripcion], [Fechcha], [IdRegModificado]) VALUES (30, 4, N'El usuario logueado realizo la exportacion del reporte de validacion a formato pdf ', CAST(N'2020-03-17T19:39:34.883' AS DateTime), 0)
INSERT [dbo].[Eventos] ([EventoId], [UsuarioId], [Descripcion], [Fechcha], [IdRegModificado]) VALUES (31, 5, N'El usuario logueado realizo la exportacion del reporte de validacion a formato pdf ', CAST(N'2020-03-17T22:12:56.083' AS DateTime), 0)
INSERT [dbo].[Eventos] ([EventoId], [UsuarioId], [Descripcion], [Fechcha], [IdRegModificado]) VALUES (32, 5, N'El usuario logueado realizo la exportacion del reporte de validacion a formato pdf ', CAST(N'2020-03-17T22:36:10.520' AS DateTime), 0)
INSERT [dbo].[Eventos] ([EventoId], [UsuarioId], [Descripcion], [Fechcha], [IdRegModificado]) VALUES (33, 5, N'El usuario logueado realizo la exportacion del reporte de validacion a formato pdf ', CAST(N'2020-03-17T22:39:24.907' AS DateTime), 0)
INSERT [dbo].[Eventos] ([EventoId], [UsuarioId], [Descripcion], [Fechcha], [IdRegModificado]) VALUES (34, 5, N'El usuario logueado realizo la exportacion del reporte de validacion a formato pdf ', CAST(N'2020-03-17T23:27:15.410' AS DateTime), 0)
INSERT [dbo].[Eventos] ([EventoId], [UsuarioId], [Descripcion], [Fechcha], [IdRegModificado]) VALUES (35, 4, N'El usuario logueado realizo la exportacion del reporte de validacion a formato pdf ', CAST(N'2020-03-17T23:49:01.583' AS DateTime), 0)
INSERT [dbo].[Eventos] ([EventoId], [UsuarioId], [Descripcion], [Fechcha], [IdRegModificado]) VALUES (36, 5, N'El usuario logueado realizo la exportacion del reporte de validacion a formato pdf ', CAST(N'2020-03-17T23:54:02.070' AS DateTime), 0)
INSERT [dbo].[Eventos] ([EventoId], [UsuarioId], [Descripcion], [Fechcha], [IdRegModificado]) VALUES (37, 5, N'El usuario logueado realizo la exportacion del reporte de validacion a formato pdf ', CAST(N'2020-03-17T23:59:04.733' AS DateTime), 0)
INSERT [dbo].[Eventos] ([EventoId], [UsuarioId], [Descripcion], [Fechcha], [IdRegModificado]) VALUES (38, 4, N'El usuario logueado realizo la exportacion del reporte de validacion a formato pdf ', CAST(N'2020-03-18T00:13:03.253' AS DateTime), 0)
INSERT [dbo].[Eventos] ([EventoId], [UsuarioId], [Descripcion], [Fechcha], [IdRegModificado]) VALUES (39, 4, N'El usuario logueado realizo la exportacion del reporte de validacion a formato pdf ', CAST(N'2020-03-18T00:18:16.460' AS DateTime), 0)
INSERT [dbo].[Eventos] ([EventoId], [UsuarioId], [Descripcion], [Fechcha], [IdRegModificado]) VALUES (40, 4, N'El usuario logueado realizo la exportacion del reporte de validacion a formato pdf ', CAST(N'2020-03-18T00:20:47.327' AS DateTime), 0)
INSERT [dbo].[Eventos] ([EventoId], [UsuarioId], [Descripcion], [Fechcha], [IdRegModificado]) VALUES (41, 4, N'El usuario logueado realizo la exportacion del reporte de validacion a formato pdf ', CAST(N'2020-03-18T00:28:06.473' AS DateTime), 0)
INSERT [dbo].[Eventos] ([EventoId], [UsuarioId], [Descripcion], [Fechcha], [IdRegModificado]) VALUES (42, 4, N'El usuario logueado realizo la exportacion del reporte de validacion a formato pdf ', CAST(N'2020-03-18T00:41:06.807' AS DateTime), 0)
INSERT [dbo].[Eventos] ([EventoId], [UsuarioId], [Descripcion], [Fechcha], [IdRegModificado]) VALUES (43, 4, N'El usuario logueado realizo la exportacion del reporte de validacion a formato pdf ', CAST(N'2020-03-18T00:45:17.763' AS DateTime), 0)
INSERT [dbo].[Eventos] ([EventoId], [UsuarioId], [Descripcion], [Fechcha], [IdRegModificado]) VALUES (44, 4, N'El usuario logueado realizo la exportacion del reporte de validacion a formato pdf ', CAST(N'2020-03-19T20:42:18.043' AS DateTime), 0)
INSERT [dbo].[Eventos] ([EventoId], [UsuarioId], [Descripcion], [Fechcha], [IdRegModificado]) VALUES (45, 4, N'El usuario logueado realizo la exportacion del reporte de validacion a formato pdf ', CAST(N'2020-03-19T21:21:05.987' AS DateTime), 0)
INSERT [dbo].[Eventos] ([EventoId], [UsuarioId], [Descripcion], [Fechcha], [IdRegModificado]) VALUES (46, 4, N'El usuario logueado realizo la exportacion del reporte de validacion a formato pdf ', CAST(N'2020-03-19T21:22:15.167' AS DateTime), 0)
INSERT [dbo].[Eventos] ([EventoId], [UsuarioId], [Descripcion], [Fechcha], [IdRegModificado]) VALUES (47, 4, N'El usuario logueado realizo la exportacion del reporte de validacion a formato pdf ', CAST(N'2020-03-20T17:34:06.473' AS DateTime), 0)
INSERT [dbo].[Eventos] ([EventoId], [UsuarioId], [Descripcion], [Fechcha], [IdRegModificado]) VALUES (48, 4, N'El usuario logueado realizo la exportacion del reporte de validacion a formato pdf ', CAST(N'2020-03-20T17:36:11.827' AS DateTime), 0)
INSERT [dbo].[Eventos] ([EventoId], [UsuarioId], [Descripcion], [Fechcha], [IdRegModificado]) VALUES (49, 4, N'El usuario logueado realizo la exportacion del reporte de validacion a formato pdf ', CAST(N'2020-03-20T18:18:21.243' AS DateTime), 0)
INSERT [dbo].[Eventos] ([EventoId], [UsuarioId], [Descripcion], [Fechcha], [IdRegModificado]) VALUES (50, 1, N'El usuario logueado edito la informacion del usuario', CAST(N'2020-07-08T21:05:58.763' AS DateTime), 4)
INSERT [dbo].[Eventos] ([EventoId], [UsuarioId], [Descripcion], [Fechcha], [IdRegModificado]) VALUES (51, 1, N'El usuario logueado realizo la exportacion del reporte de validacion a formato pdf ', CAST(N'2020-07-09T19:25:50.413' AS DateTime), 0)
INSERT [dbo].[Eventos] ([EventoId], [UsuarioId], [Descripcion], [Fechcha], [IdRegModificado]) VALUES (52, 1, N'El usuario logueado genero un reporte de dispositivos de estado Dado de baja.', CAST(N'2020-07-09T19:27:41.240' AS DateTime), 0)
INSERT [dbo].[Eventos] ([EventoId], [UsuarioId], [Descripcion], [Fechcha], [IdRegModificado]) VALUES (53, 1, N'El usuario logueado genero un reporte de dispositivos de estado Inactivo.', CAST(N'2020-07-09T19:32:23.407' AS DateTime), 0)
INSERT [dbo].[Eventos] ([EventoId], [UsuarioId], [Descripcion], [Fechcha], [IdRegModificado]) VALUES (54, 1, N'El usuario logueado genero un reporte de dispositivos de estado Mantenimiento.', CAST(N'2020-07-09T19:32:29.383' AS DateTime), 0)
INSERT [dbo].[Eventos] ([EventoId], [UsuarioId], [Descripcion], [Fechcha], [IdRegModificado]) VALUES (55, 1, N'El usuario logueado genero un reporte de dispositivos de estado Activo.', CAST(N'2020-07-09T19:32:36.527' AS DateTime), 0)
INSERT [dbo].[Eventos] ([EventoId], [UsuarioId], [Descripcion], [Fechcha], [IdRegModificado]) VALUES (56, 1, N'El usuario logueado genero un reporte de dispositivos de estado Activo.', CAST(N'2020-07-09T19:32:49.667' AS DateTime), 0)
INSERT [dbo].[Eventos] ([EventoId], [UsuarioId], [Descripcion], [Fechcha], [IdRegModificado]) VALUES (57, 1, N'El usuario logueado genero un reporte de dispositivos de estado Activo.', CAST(N'2020-07-09T19:33:10.937' AS DateTime), 0)
INSERT [dbo].[Eventos] ([EventoId], [UsuarioId], [Descripcion], [Fechcha], [IdRegModificado]) VALUES (58, 1, N'El usuario logueado modifico el estado del usuario', CAST(N'2020-07-09T20:02:59.650' AS DateTime), 5)
INSERT [dbo].[Eventos] ([EventoId], [UsuarioId], [Descripcion], [Fechcha], [IdRegModificado]) VALUES (59, 1, N'El usuario logueado registro un usuraio', CAST(N'2020-07-09T21:13:03.593' AS DateTime), 9)
INSERT [dbo].[Eventos] ([EventoId], [UsuarioId], [Descripcion], [Fechcha], [IdRegModificado]) VALUES (60, 9, N'El usuario logueado registro un historico del dispositivo Swich.', CAST(N'2020-07-09T21:31:31.877' AS DateTime), 1)
INSERT [dbo].[Eventos] ([EventoId], [UsuarioId], [Descripcion], [Fechcha], [IdRegModificado]) VALUES (61, 1, N'El usuario logueado genero un reporte de dispositivos de estado Dado de baja.', CAST(N'2020-07-09T21:35:14.803' AS DateTime), 0)
INSERT [dbo].[Eventos] ([EventoId], [UsuarioId], [Descripcion], [Fechcha], [IdRegModificado]) VALUES (62, 1, N'El usuario logueado genero un reporte de dispositivos de estado Dado de baja.', CAST(N'2020-07-09T21:36:56.233' AS DateTime), 0)
INSERT [dbo].[Eventos] ([EventoId], [UsuarioId], [Descripcion], [Fechcha], [IdRegModificado]) VALUES (63, 9, N'El usuario logueado genero un reporte de dispositivos de estado Dado de baja.', CAST(N'2020-07-09T22:04:03.880' AS DateTime), 0)
INSERT [dbo].[Eventos] ([EventoId], [UsuarioId], [Descripcion], [Fechcha], [IdRegModificado]) VALUES (64, 9, N'El usuario logueado genero un reporte de dispositivos de estado Dado de baja.', CAST(N'2020-07-09T22:10:51.803' AS DateTime), 0)
INSERT [dbo].[Eventos] ([EventoId], [UsuarioId], [Descripcion], [Fechcha], [IdRegModificado]) VALUES (65, 9, N'El usuario logueado genero un reporte de dispositivos de estado Dado de baja.', CAST(N'2020-07-09T22:20:56.543' AS DateTime), 0)
INSERT [dbo].[Eventos] ([EventoId], [UsuarioId], [Descripcion], [Fechcha], [IdRegModificado]) VALUES (66, 1, N'El usuario logueado genero un reporte de dispositivos de estado Dado de baja.', CAST(N'2020-07-09T22:28:23.873' AS DateTime), 0)
INSERT [dbo].[Eventos] ([EventoId], [UsuarioId], [Descripcion], [Fechcha], [IdRegModificado]) VALUES (67, 1, N'El usuario logueado genero un reporte de dispositivos de estado Dado de baja.', CAST(N'2020-07-09T22:29:47.893' AS DateTime), 0)
INSERT [dbo].[Eventos] ([EventoId], [UsuarioId], [Descripcion], [Fechcha], [IdRegModificado]) VALUES (68, 1, N'El usuario logueado genero un reporte de dispositivos de estado Activo.', CAST(N'2020-07-09T22:30:13.697' AS DateTime), 0)
INSERT [dbo].[Eventos] ([EventoId], [UsuarioId], [Descripcion], [Fechcha], [IdRegModificado]) VALUES (69, 1, N'El usuario logueado genero un reporte de dispositivos de estado Activo.', CAST(N'2020-07-09T22:30:49.050' AS DateTime), 0)
INSERT [dbo].[Eventos] ([EventoId], [UsuarioId], [Descripcion], [Fechcha], [IdRegModificado]) VALUES (70, 1, N'El usuario logueado genero un reporte de dispositivos de estado Dado de baja.', CAST(N'2020-07-09T22:35:07.550' AS DateTime), 0)
INSERT [dbo].[Eventos] ([EventoId], [UsuarioId], [Descripcion], [Fechcha], [IdRegModificado]) VALUES (71, 1, N'El usuario logueado genero un reporte de dispositivos de estado Dado de baja.', CAST(N'2020-07-09T22:35:27.590' AS DateTime), 0)
INSERT [dbo].[Eventos] ([EventoId], [UsuarioId], [Descripcion], [Fechcha], [IdRegModificado]) VALUES (72, 1, N'El usuario logueado genero un reporte de dispositivos de estado Dado de baja.', CAST(N'2020-07-09T22:35:40.460' AS DateTime), 0)
INSERT [dbo].[Eventos] ([EventoId], [UsuarioId], [Descripcion], [Fechcha], [IdRegModificado]) VALUES (73, 1, N'El usuario logueado genero un reporte de dispositivos de estado Activo.', CAST(N'2020-07-10T20:22:46.610' AS DateTime), 0)
INSERT [dbo].[Eventos] ([EventoId], [UsuarioId], [Descripcion], [Fechcha], [IdRegModificado]) VALUES (74, 1, N'El usuario logueado genero un reporte de dispositivos de estado Dado de baja.', CAST(N'2020-07-10T20:39:15.530' AS DateTime), 0)
INSERT [dbo].[Eventos] ([EventoId], [UsuarioId], [Descripcion], [Fechcha], [IdRegModificado]) VALUES (75, 1, N'El usuario logueado genero un reporte de dispositivos de estado Activo.', CAST(N'2020-07-10T20:39:29.660' AS DateTime), 0)
INSERT [dbo].[Eventos] ([EventoId], [UsuarioId], [Descripcion], [Fechcha], [IdRegModificado]) VALUES (76, 1, N'El usuario logueado genero un reporte de dispositivos de estado Inactivo.', CAST(N'2020-07-10T20:39:42.997' AS DateTime), 0)
INSERT [dbo].[Eventos] ([EventoId], [UsuarioId], [Descripcion], [Fechcha], [IdRegModificado]) VALUES (77, 1, N'El usuario logueado genero un reporte de dispositivos de estado Inactivo.', CAST(N'2020-07-10T20:40:09.420' AS DateTime), 0)
INSERT [dbo].[Eventos] ([EventoId], [UsuarioId], [Descripcion], [Fechcha], [IdRegModificado]) VALUES (78, 1, N'El usuario logueado genero un reporte de dispositivos de estado Activo.', CAST(N'2020-07-10T20:40:15.943' AS DateTime), 0)
INSERT [dbo].[Eventos] ([EventoId], [UsuarioId], [Descripcion], [Fechcha], [IdRegModificado]) VALUES (79, 9, N'El usuario logueado genero un reporte de dispositivos de estado Activo.', CAST(N'2020-07-10T20:44:53.650' AS DateTime), 0)
INSERT [dbo].[Eventos] ([EventoId], [UsuarioId], [Descripcion], [Fechcha], [IdRegModificado]) VALUES (80, 9, N'El usuario logueado genero un reporte de dispositivos de estado Dado de baja.', CAST(N'2020-07-10T20:45:00.930' AS DateTime), 0)
INSERT [dbo].[Eventos] ([EventoId], [UsuarioId], [Descripcion], [Fechcha], [IdRegModificado]) VALUES (81, 9, N'El usuario logueado genero un reporte de dispositivos de estado Inactivo.', CAST(N'2020-07-10T20:45:07.333' AS DateTime), 0)
INSERT [dbo].[Eventos] ([EventoId], [UsuarioId], [Descripcion], [Fechcha], [IdRegModificado]) VALUES (82, 9, N'El usuario logueado genero un reporte de dispositivos de estado Mantenimiento.', CAST(N'2020-07-10T20:45:13.907' AS DateTime), 0)
INSERT [dbo].[Eventos] ([EventoId], [UsuarioId], [Descripcion], [Fechcha], [IdRegModificado]) VALUES (83, 9, N'El usuario logueado realizo la exportacion del reporte a formato pdf ', CAST(N'2020-07-10T20:45:42.860' AS DateTime), 0)
INSERT [dbo].[Eventos] ([EventoId], [UsuarioId], [Descripcion], [Fechcha], [IdRegModificado]) VALUES (84, 1, N'El usuario logueado genero un reporte de dispositivos de estado Activo.', CAST(N'2020-07-10T20:50:24.770' AS DateTime), 0)
INSERT [dbo].[Eventos] ([EventoId], [UsuarioId], [Descripcion], [Fechcha], [IdRegModificado]) VALUES (85, 1, N'El usuario logueado genero un reporte de dispositivos de estado Activo.', CAST(N'2020-07-10T20:51:33.460' AS DateTime), 0)
INSERT [dbo].[Eventos] ([EventoId], [UsuarioId], [Descripcion], [Fechcha], [IdRegModificado]) VALUES (86, 1, N'El usuario logueado genero un reporte de dispositivos de estado Activo.', CAST(N'2020-07-10T20:52:37.987' AS DateTime), 0)
INSERT [dbo].[Eventos] ([EventoId], [UsuarioId], [Descripcion], [Fechcha], [IdRegModificado]) VALUES (87, 1, N'El usuario logueado genero un reporte de dispositivos de estado Activo.', CAST(N'2020-07-10T21:08:37.573' AS DateTime), 0)
INSERT [dbo].[Eventos] ([EventoId], [UsuarioId], [Descripcion], [Fechcha], [IdRegModificado]) VALUES (88, 1, N'El usuario logueado realizo la exportacion del reporte a formato pdf ', CAST(N'2020-07-10T21:08:45.290' AS DateTime), 0)
INSERT [dbo].[Eventos] ([EventoId], [UsuarioId], [Descripcion], [Fechcha], [IdRegModificado]) VALUES (89, 1, N'El usuario logueado genero un reporte de dispositivos de estado Activo.', CAST(N'2020-07-10T21:09:02.200' AS DateTime), 0)
INSERT [dbo].[Eventos] ([EventoId], [UsuarioId], [Descripcion], [Fechcha], [IdRegModificado]) VALUES (90, 9, N'El usuario logueado genero un reporte de dispositivos de estado Activo.', CAST(N'2020-07-10T21:10:34.163' AS DateTime), 0)
INSERT [dbo].[Eventos] ([EventoId], [UsuarioId], [Descripcion], [Fechcha], [IdRegModificado]) VALUES (91, 9, N'El usuario logueado genero un reporte de dispositivos de estado Dado de baja.', CAST(N'2020-07-10T21:10:45.377' AS DateTime), 0)
INSERT [dbo].[Eventos] ([EventoId], [UsuarioId], [Descripcion], [Fechcha], [IdRegModificado]) VALUES (92, 9, N'El usuario logueado genero un reporte de dispositivos de estado Inactivo.', CAST(N'2020-07-10T21:10:50.707' AS DateTime), 0)
INSERT [dbo].[Eventos] ([EventoId], [UsuarioId], [Descripcion], [Fechcha], [IdRegModificado]) VALUES (93, 1, N'El usuario logueado genero un reporte de dispositivos de estado Activo.', CAST(N'2020-07-10T21:11:27.603' AS DateTime), 0)
INSERT [dbo].[Eventos] ([EventoId], [UsuarioId], [Descripcion], [Fechcha], [IdRegModificado]) VALUES (94, 1, N'El usuario logueado realizo la exportacion del reporte a formato pdf ', CAST(N'2020-07-10T21:11:35.463' AS DateTime), 0)
INSERT [dbo].[Eventos] ([EventoId], [UsuarioId], [Descripcion], [Fechcha], [IdRegModificado]) VALUES (95, 9, N'El usuario logueado genero un reporte de dispositivos de estado Activo.', CAST(N'2020-07-10T21:12:39.643' AS DateTime), 0)
INSERT [dbo].[Eventos] ([EventoId], [UsuarioId], [Descripcion], [Fechcha], [IdRegModificado]) VALUES (96, 9, N'El usuario logueado genero un reporte de dispositivos de estado Activo.', CAST(N'2020-07-10T21:12:50.653' AS DateTime), 0)
INSERT [dbo].[Eventos] ([EventoId], [UsuarioId], [Descripcion], [Fechcha], [IdRegModificado]) VALUES (97, 9, N'El usuario logueado realizo la exportacion del reporte a formato pdf ', CAST(N'2020-07-10T21:13:10.143' AS DateTime), 0)
INSERT [dbo].[Eventos] ([EventoId], [UsuarioId], [Descripcion], [Fechcha], [IdRegModificado]) VALUES (98, 1, N'El usuario logueado genero un reporte de dispositivos de estado Activo.', CAST(N'2020-07-10T21:13:34.840' AS DateTime), 0)
INSERT [dbo].[Eventos] ([EventoId], [UsuarioId], [Descripcion], [Fechcha], [IdRegModificado]) VALUES (99, 1, N'El usuario logueado realizo la exportacion del reporte a formato pdf ', CAST(N'2020-07-10T21:13:42.623' AS DateTime), 0)
GO
INSERT [dbo].[Eventos] ([EventoId], [UsuarioId], [Descripcion], [Fechcha], [IdRegModificado]) VALUES (100, 1, N'El usuario logueado genero un reporte de dispositivos de estado Activo.', CAST(N'2020-07-10T21:14:17.840' AS DateTime), 0)
INSERT [dbo].[Eventos] ([EventoId], [UsuarioId], [Descripcion], [Fechcha], [IdRegModificado]) VALUES (101, 9, N'El usuario logueado genero un reporte de dispositivos de estado Activo.', CAST(N'2020-07-10T21:15:17.033' AS DateTime), 0)
INSERT [dbo].[Eventos] ([EventoId], [UsuarioId], [Descripcion], [Fechcha], [IdRegModificado]) VALUES (102, 9, N'El usuario logueado realizo la exportacion del reporte a formato pdf ', CAST(N'2020-07-10T21:15:21.917' AS DateTime), 0)
INSERT [dbo].[Eventos] ([EventoId], [UsuarioId], [Descripcion], [Fechcha], [IdRegModificado]) VALUES (103, 9, N'El usuario logueado genero un reporte de dispositivos de estado Activo.', CAST(N'2020-07-10T21:16:05.527' AS DateTime), 0)
INSERT [dbo].[Eventos] ([EventoId], [UsuarioId], [Descripcion], [Fechcha], [IdRegModificado]) VALUES (104, 9, N'El usuario logueado realizo la exportacion del reporte a formato pdf ', CAST(N'2020-07-10T21:16:08.723' AS DateTime), 0)
INSERT [dbo].[Eventos] ([EventoId], [UsuarioId], [Descripcion], [Fechcha], [IdRegModificado]) VALUES (105, 9, N'El usuario logueado genero un reporte de dispositivos de estado Activo.', CAST(N'2020-07-10T21:16:27.663' AS DateTime), 0)
INSERT [dbo].[Eventos] ([EventoId], [UsuarioId], [Descripcion], [Fechcha], [IdRegModificado]) VALUES (106, 9, N'El usuario logueado realizo la exportacion del reporte a formato pdf ', CAST(N'2020-07-10T21:16:30.393' AS DateTime), 0)
INSERT [dbo].[Eventos] ([EventoId], [UsuarioId], [Descripcion], [Fechcha], [IdRegModificado]) VALUES (107, 9, N'El usuario logueado genero un reporte de dispositivos de estado Activo.', CAST(N'2020-07-10T21:17:18.540' AS DateTime), 0)
INSERT [dbo].[Eventos] ([EventoId], [UsuarioId], [Descripcion], [Fechcha], [IdRegModificado]) VALUES (108, 9, N'El usuario logueado realizo la exportacion del reporte a formato pdf ', CAST(N'2020-07-10T21:17:22.777' AS DateTime), 0)
SET IDENTITY_INSERT [dbo].[Eventos] OFF
INSERT [dbo].[__MigrationHistory] ([MigrationId], [ContextKey], [Model], [ProductVersion]) VALUES (N'202003110335473_InitialCreate', N'Inventory.Models.ApplicationDbContext', 0x1F8B0800000000000400DD5CDB6EE436127D5F60FF41D05376E1B47CC90C668D7602A76DEF1A195F30ED09F236604BECB63012A588946363912FDB877C527E618B1275E345976EB9BB1D0C306891C553C562912C168BFEF37F7F4C7F780E03EB0927D48FC8997D3439B42D4CDCC8F3C9EACC4ED9F2DB0FF60FDFFFFD6FD34B2F7CB67E2EE84E381DB424F4CC7E642C3E751CEA3EE210D149E8BB4944A3259BB851E8202F728E0F0FFFE51C1D3918206CC0B2ACE9A794303FC4D9077CCE22E2E298A528B8893C1C50510E35F30CD5BA4521A63172F1997D4D9E306151F232C9696DEB3CF011C831C7C1D2B6102111430CA43CFD4CF19C251159CD632840C1C34B8C816E89028A85F4A71579DF8E1C1EF38E3855C302CA4D298BC28180472742338EDC7C2DFDDAA5E6407797A063F6C27B9DE90F54E7E1ACE8531480026486A7B320E1C467F64DC9E29CC6B7984D8A86931CF22A01B8DFA2E4EBA48E7860F56E77505AD2F1E490FF3BB06669C0D2049F119CB2040507D67DBA087CF727FCF2107DC5E4ECE468B13CF9F0EE3DF24EDE7F874FDED57B0A7D05BA460114DD27518C13900D2FCBFEDB96D36CE7C80DCB66B536B956C0966052D8D60D7AFE88C98A3DC27439FE605B57FE33F68A12615C9F890F73081AB12485CFDB3408D022C065BDD3CA93FFDFC2F5F8DDFB51B8DEA2277F950DBDC41F264E02F3EA130EB25AFAE8C7F9F46A8CF7174176954421FF6EDA575EFB651EA589CB3B1319491E50B2C2AC29DDD4A98CB7974973A8F1CDBA40DD7FD3E692AAE6AD25E51D5A6726142CB63D1B0A795F976F6F8B3B8F6318BCCCB4B846DA0C4EDEAA2652DB03ABA4A8CCE6A8AFD910E8CE5F7915BC0C911F8CB00CF6E002FEC7D24F425CF6F2C7088C0E91C132DF234A6115F0FE83E8638BE8F07304D1E7D84D1330CE394361FCEADCEE1F23826FD370C16D7E7BBC461B9A87DFA22BE4C25CBB24BCD5C6781F23F76B94B24BE25D20863F33B700E49F0F7ED81F601471CE5D17537A05C68CBD5904EE7501784DD8C9F16038BE3CEDDA0D9905C80FF57E88B4907E29482B5F444FA1F82306329D4FD226EAC768E5937EA216A46651738A4E5105D9505139583F4905A559D08CA053CE9C6A342F2F1BA1F1DDBC0C76FFFDBCCD366FD35A5053E31C5648FC6F4C7002CB98778F18C309A946A0CFBAB10B67211B3ECEF4D5F7A68CD3CF2848C766B5D66CC81681F1674306BBFFB32113138A9F7C8F7B253D0E3F0531C0F7A2D79FABBAE79C24D9B6A743A39BDB66BE9D35C0345DCE298D5C3F9B059AB097085A34E5071FCEEA8E60E4BD91A320D03130749F6F7950027DB365A3BA231738C00C5BE76E1E169C21EA224F552374C81B2058B1A36A04ABA2214DE1FEA9F0044BC7096F84F82188C24CF50953A7854F5C3F4641A796A4963DB730DEF792875C7381634C38C34E4DF461AE0F7E70014A3ED2A0746968EAD42CAEDD100D5EAB69CCBB5CD86ADC9598C4566CB2C37736D8A5F0DF5EC530DB35B605E36C57491F018C81BC5D18A838ABF43500F9E0B26F062A9D980C062A5CAAAD186853633B30D0A64ADE9C81E647D4BEE32F9D57F7CD3C9B07E5ED6FEBADEADA816D36F4B167A699FB9ED086410B9CA8E679B1E095F899690E6720A7389F51E1EACA26C2C1E79835433695BFABF5439D7610D988DA002B43EB001557800A9032A1060857C4F25AA5135EC400D822EED60A2BD67E09B666032A76FD2AB44668BE30958DB3D7E9A3EC59690D8A91F73A2CD4703406212F5ECD8EF7508A292EAB2AA68F2F3CC41BAE754C0C468B823A3C5783928ACE8CAEA5C234BBB5A473C886B8641B6949729F0C5A2A3A33BA96848D762B49E3140C700B365251730B1F69B215918E72B729EBA64E9E1F250AA68E21916A7A83E2D827AB5A629528B1E67956D5ECDBF9F084A330C7705CAAC93B2AA52D39B128412B2CD5026B90F4CA4F28BB400C2D108FF3CCBC5021D3EEAD86E5BF6059DF3ED5412CF681829AFF166BBB7C71DFD869555744205C41FF42EECF644174CDE8EB9B5B3CCD0D0528D1C4ED67519086C4EC5E995BE7B777F5F679898A307524F915F749D195E2E43615DF6B58D42931CA1095BECBFAC364863029BBF03CEBEA3679A36694223855473105AC76366C262766C050C9DEE1F091EA44789D39255252EA00A26820462DAB4101ABD5F5476D269ED4319B35FD11A5EC923AA4543540CA7A0E4943C87AC55A78068DEA29FA7350B346EAE86A6D7F644DFE481D5A53BD06B64666B9AE3FAA26C5A40EACA9EE8F5DE59BC84BE81EEF5AC633CB9ADB567EA8DD6CDF3260BCCE7A38CEB657BBBBAF03D58A076289DB79054C94EFA52D194F766BDA521EC9D8CC960C18E655A771E7DD5C745A2FEACD988D8BECC6C2DE76916FC61B66B1AF6A17CAB14E2629B997C73BE918371547AAEE4733CA192B27B1AD428DB0A9BF5086C3092798CC7F0D66818FF9125E10DC20E22F316579F2867D7C78742CBDBCD99F57300EA55EA039929A9EC234C76C0B7958E40925EE234AD4AC880D5E8A54A04AC0F99A78F8F9CCFE6FD6EA348B5DF05F59F181754D3F13FFD7142A1E92145BBFAB599EE364CEF778AB510AFAFB9B7804D15FE5D7BF7CC99B1E5877094CA753EB5052F43AC3DF7C1A31489ABCE906D2ACFD60E2EDCEB6C68B042DAA345BD67F80B0F0D9288F0F0A29BF09D1F33F868AA67D60B011A2E611C15878A3A8D0F448601D2CE303010F3E59F640605867F50F06D611CDF858C027C3C1E4A702FD97A1A2E50EF721CD71691B4B52A6E7CE54EB8DF22E77BD372919D91B4D7435EB7A00DCA899D59BB9286F2C6379B4AD5393903C1AF62EEDFED5B390F725F1B872DA779B6FBCCD14E396ABA4BF5466F11EE4C269727B769F3FBC6D5B33C57FF73C09735896F09E199BD8E6779F0BBC6D63330588F7DCD80665FCEE99ADED6AFFDCB1A5F5DE42779EBFABA62219EE717451E4AEFCDC3CE40EC7FF450446907B94F9B34A7D42988959652C4686158999A939134D66AC4C1C85AF42D1CE76585FC586DFDA5941D3CED690BFD9C65BACFFADBC054D3B6F4356E42E328BB57989BA6CEF8E75AC2D71EA2D6512377AD291B8DEE5B3B65ECABFA5C4E15194D2983D86DBE5B793273C8A4AC69C3A03F282D58B62D83B6B7F8311F66FEAAF2A08FE171909761BBB6649734D9651B1794B1215245284E60633E4C1967A9E307F895C06D53C009DBD0BCF827AFC1A6481BD6B7297B23865D0651C2E8246C08B3B016DFCB3E4E7A6CCD3BB987FD131BA0062FA3C707F477E4CFDC02BE5BED2C4840C10DCBB10E15E3E968C877D572F25D26D447A0209F5954ED1030EE300C0E81D99A327BC8E6C607E1FF10AB92F5504D004D23D104DB54F2F7CB44A50480546D51E3EC186BDF0F9FBFF036ABF34828A540000, N'6.2.0-61023')
INSERT [dbo].[__MigrationHistory] ([MigrationId], [ContextKey], [Model], [ProductVersion]) VALUES (N'202003110335491_AutomaticMigration', N'Inventory.Models.InventoryContext', 0x1F8B0800000000000400ED3DDB6EE4BA91EF0BE41F1AFDB41B4CDCB60F4E900CEC04137BE6AC91B9C1F61CEC5B4356D33D42D45247520F6C2CF25179CE431EF241FB0B4BDD792992458A92DA9303BFB845B248168B55C56255F1FFFEF1CF8B3F3EEDE2C53792E5519A5C2ECF4E4E970B9284E9264AB697CB43F1F89BDF2DFFF8875FFDC7C5DBCDEE69F1735BEF87B21E6D99E497CBAF45B17FBD5AE5E157B20BF2935D1466699E3E162761BA5B059B74757E7AFAFBD5D9D98A50104B0A6BB1B8B83D2445B423D50FFAF32A4D42B22F0E41FC21DD90386FBED392BB0AEAE263B023F93E08C9E5F226F9469222CD9E4FEABACBC59B380AE838EE48FCB85C04499216414147F9FA4B4EEE8A2C4DB6777BFA2188EF9FF784D67B0CE29C34A37FDD57C74EE4F4BC9CC8AA6FD8820A0F7991EE2C019EFDD06066253677C2EFB2C31CC5DD5B8AE3E2B99C7585BFCBE515455C469116A6B4ABE542ECF1F5559C95B5651C9F702D5F2DBAF2571D4950CA29FF5E2DAE0E7171C8C865420E4516C4AF169F0F0F7114FE993CDFA77F21C965728863769874A0B48CFB403F7DCED23DC98AE75BF2080DFE66B35CAC78202B114A074305A09D6BF1C3F972F1910E2B788849471F0C5EEEE854C94F2421595090CDE7A028484697F766432A0C4B43113AFE98EE1E32D2F6474992EEADE5E243F0F49E24DBE2EBE5F247BA99DE454F64D37E6886F02589E84EA46D8AEC408021EABB7D9B17943A34DDD27FC7E8F78E6C8819BD028C8FC1B7685B615B80F63E784829DAD32C4AE956BF25715529FF1AEDEB1D7FC254580B04FE2E4B77B769CC43E12BADEF836C4B0A3ADAD454F32E3D64A1C5C84B3C80232E0B78D8393B56A0581A2554071ADFC5AA67025AD6C04CDB8A3130EDE6610BCC005C9882D0FC3B6709F724268F693203537851CC6898E0C0F2078159F9676D2D4330B3B696BD60877E1DE5FB348F8AE89B82293315D61C6BE9C7ADA822B13A553DBFEC9817330233660B6156CCD5B01DD997FC1028C55B53A8C222502C8D10AA334858304B62252C9876F3080B66002EC242683E95B0A8EB3D4621E5A0D9E432632651F521C8C2607A795151EA0C72EA7346C26816F998D193F1E4ABFB8E845FBBD5BDA6BBE23EDACD23DCAD14408C8E53F3B520F3B29AFA0E3F3DE424FB1650C249483E7A6FCDF4BCE93FAD4A0808BDBA68CDAB19BDD0038A25A107D5B115CCFF1DE52561840AD1DC15AF3981D88F13AC208D14AE653B564E3FF0AB91897AA44973F3A391A9165F2A8435B2410BFF7310479B52DA5E9322886302AFBF584B4506BA7AD2E0B59507696DED7EB350D8EA26F3E86A3DBBB155D3B08CEAE51DE7DD0F640E1C55DCF63AAEEB44901DE3B3A2C9AED53C64D975EF42995CE3A988F33EDA0F566DFCE86BBEF515CBEEAD8E6F7A50CD91DA8FC6B819302E0C47F0A9BC884C41AFE260075B92E89A6107C078F92A6B5635EBC7ACAC248959754D47EB8DD678038F562E559A6E0CE343B35C11D1167C976F3A0FF36D59992DDFC5B1C0EF481F309C5C066E26910998B79D13B1763BCB824A9B36F39067D379E440A14CD3A988F47DBA3D109D91E2FCC7DFCE62501C49FCBFD993989EADD239348F343CEC4A729CDCD0761D65240C2B7792A9273DDF65E315E53A33744B99E1BFCFC5EACF414C365190EF47B73B7AB9C24D13CAE973F2AFBFFBB85330F6F51865E1A43D6EA26D7A4BC203FD1A64D34EB6ECFA4D48D5FE8065333F1D4A51664B5324ABAEB94A406F7741D46DA73FA554CF0892498DFB6ABB75A55828CC2C75D9BA535D18130B5F241BAC8572CFC66AEBA388A8E4694E2BBE6CD40E77DDAA518E6797EE6FEB059B745B00DBA3BBD26136DC96F66C8CB8759B99ACB855974E56DCAEE5540AB127A3CE35C9C32CDA7B52BACC76391F96B99BCD2DD9527A69BC0C7CB14A9D6DC482554A9668052B75DA52F56EB7D84F6583793653AB09D96E259C06F5F2CC1FBF9C7526D4FF717E8CB0F2E1E0F12CEE799D57B4B75B32CB8B67708CC6FBB141DEEE96CE8AE0084177462FCE8A4805091C95A43E397173F1FADC8AB38B8DE7E1F2E2285C383E04632AEEDFF53D58919AFFBECEF97ACD8B6F88B84F508E24D63E2EFAF1AF015F1860F87235B5670B5077A883CEFD6E8F5B06B0A1663980FAE665811AF9E16A6EEC6C663E3688814DC9B9FC7839783A461E9973EBB0201811D151B60B0E359ECEC63F2433BD9DFBEFCD9717A13BA75532240D571EC06971DE9025D363F8969AC772158DFE907CED41C63450160C501769FBE3D018E9407C288D0D98A9B8AF47756F5AC778EFCA2552351BB6D14C5A0CBC2D6DA65060B5B2B6ABC2A08DB1F5D0E32F066B5FB7649F6685DD51B269330F3F683A77E1014CD349B5AE1BBAE1FA881967DDAB82F52E4AFA902667508EE12E0094E2303E0FC2C608FAE9CD9B0BCF3431801385FC4D14E13730A0CFDFC5939F00BED187CADD26BF005F95519C161ABE5EBA9A8322B9295F73F57A490C144B0218AAE343EED682BDBED7B197C07DEB5965713F8C0152990732957CFEEE36696DCA586FC8BA49A63185FD612233C708F68D59350DCE6CFE7D4868E6705A2DD9F8CA6125AC29B1EFF6D9F8EAD41C41E96B56464C66DF63B8B24EA6F6635B732D24E90A5754C959456D1B89FB26CFD330AA862DB36121E3108F93B7C966814E3F54AF8790D088AE0C95B8D19ECA583AB2CBE5AF25BC63FAE8AC857D1F42A224BE9733A9172AA9495672B420BEA2AB47657F9414B2588F9230DA07317640020050333024342C97ADEB572CB9267B92948C18BB0A9E06D4F52B2830262C5EAC185AD3932014A9AC220C6DD8724F12AD8F8C8916F480015AE3A493899E9D284D3343CC92AA82E8AD884B838CA16398809EE04057D5C21BA25EFBA5678228F18CCC90100445589E589876289865D5E6D2B2A22F2DCEBD0C650232538754AA8801115FD9138418B88B676588986827AA76A23AE39C31CB0D47015B919C1129C3C631859814DCA795924CE54BCD88C736A800CFC894C12C3DD4CEAF7B14F6A5180066D99451BA764211C6ABC50066231D201448B5CEBAB82087A5D6029E811DA9A7371D21A931F19268893DD999D61C8CDF3252938E1D69B3A0A28E9F9ED892662098D5D426B376A22A00D75E063201694141032A02D04610F404509BB2F15C4A9B8A1D6972F0C4AA3433C42C281C3A6445521A640C1BC154B484322968A23C06D2D1FCC604E5DCA6A4205733C2FCF4C385DD68971A8EC119483F70167247E3AA3BFD40739B927E2034BC0CFAE902A3B4CB2C47490DA41B392EDD41D772A717713E53D28A38F5A3A71355965ED5021B53F63A8A17730FB3A8D786C14CAB621B70FF52D46C6DA49A8A2A70616B3D69C86199780AC4A54F9ED2768E19D1B42674CC7ABC144BBA2E20C64823BAE818801C6D84292AD67108C90FA345F5CC310BAF09D673234435923C0C6706B6C8475960799522E4424D255504843B6F54C4522128FFF4E444207E0FC8AA023A6CC7CE477758A14A9E04BE47C416362FCE10B90BF5869689DA38E591E4B02ECC79E8BA592012725D56CD41EBC7DC0FB98BF8B1222F9D03B419B83B25E9FDCC0CA335399D49E3665DED5CD063F05BB3E9108BB2DAFBAD4C8B48E501C95A47D6D61BBC2C204F05E05DFE25278D8379DE38078A932B01DF9142910AA777BB832DC512AE78707C9E17091877DE3280E293DA48A0389DD900AAF6E781A0B47E5606006C0A42090673E56700C3DFE143B044A70903C03E718D04A9B3939870D35EA5CBB8694B0C104AF303D4BE36FD181A0311E412205904A080B6FEBC6A78D6A3AB43C98D03ACE4850174C32A20701DBBC58130CC16E049025C8607813B597CC993A92FEF6B9D132EC75CCD6EB8DD7C45BE22A9D7368EB70C5491F989412E3C62104803DFAC91D1657418E5A6A473196526D331390D76744EA20C287EFC83B1A278B843C60BC2F1919B8EDEF5919910CB7335E8D13B3B8E8720CDE3063292906E7BDCC4CC8E7BCCE42429A5C198D9550FB50A2E5B4D4CC6096C339DC319BF2F142E67ECF682A5A1160C80835E620FC600941F594682C9758A9B80C6790A310713A8B149024CC6ACC688F2B6029C077457E18A13E8560229EC1CD002A6B294D162745E91EFE914EE2BCC541ADD5083139DC3CA98A21A489CA9C009524CABDD30ECF131B1800652742A70A17628902701BA14D8E30274221879B7F4BB598107F8621C71356E3F7FE9327C1C69A27C6D55C600EACAD7EAD21749DA56D7BCE391883E53A68C2FFC7DA5FD8D25334BE028AD411FEA8E723C96A3CD21A741A1E986CDFA8E4D42607B90C6E04E73AF66B3301E685048A9652642CDED90C3FD9066B6B5CDC48212E11B21E43A7944659DDB0B8F49F9EAC8FEF2680C3C727745961DF8E08EA0750CC1258DB74BEEF74BFEB8A6EE46697C5C83397064D41AEF9BD0374ECC947A03A6065FBA0B26042C7794A85218289183B98B72B88D9227899632B8DB27BB0E34086D532E74974E5DD9C5EA2EFC4A7641F3E16245AB84645F1C82B8CE5CD4167C08F6FB28D9E67DCBE6CBE26E1F84E56DD36FEE968BA75D9CE497CBAF45B17FBD5AE515E8FC641785599AA78FC54998EE5674ABACCE4F4F7FBF3A3B5BED6A18AB9013F5E21559D71355F3822D114AAB67BFC8BB28CB8BEBA0081E823289C6D566275593AED81426F8B63BF0164D5ED3D626DF362BFF17EEF4DA2C505AFB798FD2777496E5038DD58489EAA42CB7A710EEC2200E3253B6E4AB343EEC12649E0535DC36F11E0BAEFD8687D2DED3B150E0BB3B1D94D6519685A2729E2DE95C40B5E4D423ADABB0D7446A41D192E1886D41499AB319828EB4AD551816DC4359441B3C47C7A6A0FEBD1B164EFFF5B86971AC5D3B138D1B4C6A1634AE394A23685CDB5A8573C1E394C5B8C119550D534851C6C2148AA6DE374D46531648F3C9024693AF9403D27CC34369939DB150DA6F36FBAECE36CAEFBBFA1B1E4A934C9405D27C9A9A038CC1719BFC37D55EAB2FD7645EC796E2210BA9D658B04291F56837E0288F89EBB537F483185E2369EC799DAAA13FB4FA6144332D8EF67ED4627D7AE72DFB25D2B455E1B66B222E145760A1263519623825499135460DC5077B1C83558C21BA997C162C3C4D9A0B35AC7A776DD4A3042B1CCD1E123D47066D24C115D27E3799008CBB055E04D3D35C635AAC94C2BF06B144CA9686CD16C19B0DCA6BA386F53EDD1E88A0DBB4DFA6D6B2DFEC491C4795FB1E0B88F96CC1E4D2F050625B981AF3D98661760FD4F2CCB2FB3CC709FC2AC8B60298E6131EC66D2A1C02AA0F535B017E0E62B28982D26CCF02623E4F6E514893220B72F2AFBF0B029C2BB082F71865A106AA586C037B136DD35B121EE8D720D30C5D5DCFB6B7372115BB81BC25E4520B2AA0E7CFF2805FB67BBB0B22813281E269CE87739D931A57CB61E7241808E6A0A46AA9640555034955EBBECEA34B5E933CCCA23DC0BCD9023B9D1ED4EA2DF5FA9BCD2DD9D2456A4C5AA2B14B283C1AA2ACBDB50691641510634F8F70B371A5801FADE638B5073BC93D13B961DC9C2C484F0AA1B2274333088D92C3B514C9132AB752A1FAC07B10AC25DF3C121BC1AC84D79856FCD0DC106273A0324F74E0C386E5539E1FEF75C158AE03C29BCBDC4AF0456E30CFD530CF8F6E470ABE635EA501E059E7201040285899D0BCDCAB130BE01BC1BA3EC6E0E46358A55F9074E81CF506D15F1BE06C4F73CA964A334FFF3A2C67EC51BD37AB83C53DFB2AC985B6C0125EF3F4AB04AEF93EE635A80E52F502AC08A8FAF88B5343D3E017A706859622EB288E1A8A523F79597AD3BCBCDA9F422F67927066E03A180656DE37553075BEC24B265DE9D94F59B1660A2D956048A3B657A5211D1A549EA714125C3C9E42ED9B9E4903AF682AD4C7B6D8927577EF654A1CBC2B39064F2DEEE94B5957E18AA767A67C7C84F124C606DDD99DB8D8960E47AB3250C47CA69203E964843A5A53D65ABB4A89E66E7C4387AECC0A3AF2D1523B89AB34D944554EBB9BBC7CCBBA7B9BD51A5B62508E37BAAC23181DC8B26E382E55B2718FA3AE2C14A33722C9B2E1962F99626D11E89D8AE1C0510B6A8601D8DE6B20965E1705FA3D90B62E96D6717E2E77402F99B8C1485DF3598BAF8FB486012BAA89E9452EA0DE90B6D618D42C894F1332EC65A8E35096110FBE284815D86C736EE75B5A1FD1D58BA60F86B65B3E8B73FE1A75F277A3437DF8F568531A954AED3067A65C29745CACD21DDA9A2FDDEF2E74BC09DBE6E2C92B6C96D1E11516F326845C8CE3AEAB2C171431DFA24D19C37DF79C176477525638B9FB6B7C1547743FF4153E0449F448F2E23EFD0B492E97E7A767E7CBC59B380AF23A234013A1FE5ACCAD8C0A593FFBA10C59279BDD4A6C6E1FF85E42C9F34D0C84BD97BB1DBA7D15C2D5FF4C243A69E9A77FB9C070437BB112A15C08D42D01A8B3CF4625D22BE6F213A13411505EFE39280A9225AD69A7785E2E4A5A0D1ECA7C070DBDAEB47DB5B6FEBA8BE45B90855F830C48847D936CC8D3E5F27FAB76AF176C86A81AC6BAAAF18A6E972F49F4D703AD739F1DC8E26FCBC587E0E93D49B6C5D7CBE58FA7D6236C5D89F811FEE72E78FA2F6B58AD9D9A41A869A237FFB3AE5BBD5A7CCA28B5BF5E9C9673D276CCDA4CB4B4A67EE00945695A4BB999CE84E62F8ACA9AB538F74F6FBD0B9C0F8A9B997A8D083C831068392E1DBF426C2FA1F918FB4CFDA0156A9F69BD1BCCFB4C683EE23E132CFCB6DB8D4D59C7811A8BB7ABF8C230A8CDD5B38F2DD75E40FB80D5DE70F86105F565F49015AE618CB5B4CD4D773DC00D25EF22DA916315D836B211D13FD778D030E4DC0006EAA99E28310015EE9B3C40ECBD62EC10D5B61B83E743F1F93876AFF2F131737A100FC7A24C35D7813EB575F46228C28671EBA109BD372F09D778C45569239AED3640DD6A108BF0C368ED78020AA45AED4120866B3C083F8CDBA7DD10BA861E38F846890B3FFB4B179B8FDB647044BE797F0174FF0BC35344E2E35642197C6F5E0CA6E988EBD106F5DBAE47FB5C03FE20CA2CCDF98FBFF544386EDC8C491DE08539F6D9035CD1D88118DF26C24418FA98BC5F134B93AAC007A82A67C1B1997D98E4051E54F5D94E545C96000F1301321D7881AA4E6DE00D3C9BD5A0067AA8B66BD4D85C48664F24724E831AF2436452328EE4F08B3FD841F90490273B450E01C4C9AE6B39A2609D5955E512197820F62E99C1C0B38994C4C0BBFA2CA704C0D1131CF760A62680091F8BD25CBD9133EE8DDE516B13EE921B4D6D7A0F391CE599FDBBCC5408C1189122398F5D3BFEC6341DC6E18ED924E18A4EB3EF9D23B24D805538906583FDD618B427066D869177811F739D170A02A4903745D1E315B22D82F954063EF4183E9181354467C1200504B8C9068507AEAD78909989EFBDA166CFA35AB33134E09765AF7DC8428C54C44CEDBB1424A02B376EFB685C8E4D5B86693AB60869D3230C14246C6E8481A0C0CB4F07185556040F5B56EB0CE30411694FC680C2F9A8A020E15C5430A0901E2A383323E4A0E26C46F0E349E265385CECF93806D9B9B43020E8C28EE34B00C6E3ECAA700A2B1EAF77D347727B1EC8887CFF6849584A9DE04BE9F6A8BFBB28EE53C8142E85C271F1702083822F76DE2550386277362E718207A8C86021278EAB073A9C0B33114B320F59EB4266FAF737F95ACD3CAB274385920F87B888F631D56F8BE7CBA5944385010930B20A20F79D07F76B091C950A242BB775105FA5495E64412467C1F89C454918ED83189C8C501B1439C6C48D17ABAE13B1E49AEC4952B21E60DE9EFAEEBA1084A0093B5C349B9E649A6DA57EAC8E5959DE0C5F2D6AFB094F1E006FAD2071DF47210FE5AB52786F532B82D03FDB67D7E90494D079AAADD591198396514715BD9B1C0B8CF93A0A45D8AE9021A3A6056DE8DEFC71E87702F2E0BD19952F20316B2AF83FB20B2B161D3BA118DF69C2FA6E8E4824EA0EA71023B5FFC71A76B1EC97AF2D6717AFFB86A782D6DD841345EDB7512840FDFE9385B3A8D5EAAB1FF750F638DBF2B7EE8F08AEE08902E6E103D353811D0F38163A50C7500F3A27E808C282AE3C1183ADC2AF8D0CB7220A1B3234F63A015954FE4BDC7947CD1F58835AB588F5073C21381E693D1185E2FD1BAC9B9A1519D89F77D59D4E4505A883E6601A98EF9039E5FADB1E5FE65F7D86198DB8FAF359A0A65C7D5BF133FFEAC32FB1FA5CF9E995802957DC46ECCFBADA6C46831954C1F9B8FF7C2AA1AD2C3806B5504AC13983E151F2FB6661CA85DF991912F164DE715A2301873BF8114168A9E1357E6954A37B7ACECA0F7B7C8A31743E03ABE173D37BA298D393131BA2E9523D2BE8A62AFF8E49077E914DD3BF291BFF8C7454C86EE15E17DE9EB4EA2C9FF39297EB429B127D0F21B90A2F8EA3C1A7229F437B32472ACC4992B38AC8A323C4EF8202A1FCED2A72687DFF592AE8BE591156D34AE26F0A689E4849FD9CA345B08215C9B0F3B4E8559FA57E3AAA50646237ACAAECDEC7AE2D5BEA42337D7B15F5A87BF04B47EAC4F3BAB535A54EB7A52D011F4E23C1E6A5F74E796FF974ECAD579D983A5DA2B8E60D00C80B6FB9E83D2DE13BA33A11FBE572F3505A1F6A8F4DAE8AFC5898D42567D5923AE44AA1EE381BBAA92FCE2A22F5C595427D311510136B9D01A57EDA02A88BBA0C019DB9DB973A60CAA03EBA624437A26B92D4975801EA50AC63E8B333514B9D7525502F9D3DDDB830AD6B8CBC326D09B8346DA1017C6DA59760D79F21C0658919ACAC244A5DC855A0EE641311BA6B5D9F86CEEC275829D9C639D60F3C21A659BDA16E1A43A73549FD7625505FDD1BD948F8AC5C55F5C4D6D1F4D957937BE71FF1307AC52F98FA32FBD5B9D073DA052843AA67668412492A2AAE401808DC7731188A9F2E021590B7378004A3533837749EED57A36E3F69260C48A6AAA9E6F9528709C34ECDC09411DECF4387CFB597244CD55A2D32ECA7AE76D805A68FF4EEE5A6004BCA6A1E7AF937312244DF5488E075EEABDC7005515D0DB6FBA699A62082EB5DA290AFF65304FC2F81599ABC34BD4C74FCF5849C0C35B3D5DCC90EE3BFAEE8729832E440074CD9E867C70D9955DBAAF1C24F810F1774AE133689298343D9C0C94E23A064B728D544D5BE5303273A8DEAC17B00A92609BB080D9CE0B87B53E5EC024C11E517E3952D4D43C45A470E000F78C70FAF3A97EA40093F91EB112D8093820E2B269F06D51D35349BE34408FC42BC995034D7F6A3218539952B5F081F0F35F52BE578CCC817D1BE2787BB789E1C61F043D808DE83B8249C1081636F41F0CD65194BC6AB3DF8728F197BF74D3379EE2ACFDCD67DBA8ACB28F5C431B757A6FB2B79426CA9192DE26D950D3C0DAAA4876CBBB28B556D766B3ED09FD283B517ABDB4352E67AAA7F5D933CDAF620CA077A13127237355D9D9BE4316DEF938411B555C42C5A94EA374111BCC98AE831080B5A1C923C8F92ED7241A77E288FD5BB07B2B9493E1D8AFDA1A05326BB87F899454679F1A4EBFF62258DF9E2D3BEFC95FB9842BD4205F994FCE910C59B6EDCEF8054C50A10E58D5693B0A85CCBA24C5CB47DEE207D4C1324A0067DDD45DC3DD9ED630A2CFF94DC05DF88CBD8BEE4E43DD906E1F3E7E6DD613510F342F068BFB88E826D16ECF20646DF9EFEA434BCD93DFDE1FF011E01C6E12A4B0100, N'6.2.0-61023')
INSERT [dbo].[__MigrationHistory] ([MigrationId], [ContextKey], [Model], [ProductVersion]) VALUES (N'202003110510314_AutomaticMigration', N'Inventory.Models.InventoryContext', 0x1F8B0800000000000400ED5DDD6EE4BA91BE0FB0EFD0E8AB2498B86D1F9C2019D80926F6CC8991F983ED39C85D4356D33D42D45247520F6C04FB507BBD177B9107DA5758EA9F3F45B24851527BF6C0376E912C92C58F5545B28AFCDFFFFE9F8B3F3FEDE2C53792E5519A5C2ECF4E4E970B9284E9264AB697CB43F1F8BB3F2CFFFCA7FFF8D5C5DBCDEE69F1739BEF87321F2D99E497CBAF45B17FBD5AE5E157B20BF2935D1466699E3E162761BA5B059B74757E7AFAC7D5D9D98A50124B4A6BB1B8B83D2445B423D50FFAF32A4D42B22F0E41FC21DD90386FBED394BB8AEAE263B023F93E08C9E5F226F9469222CD9E4FEABCCBC59B380A683BEE48FCB85C0449921641415BF9FA4B4EEE8A2C4DB6777BFA2188EF9FF784E67B0CE29C34AD7FDD67C776E4F4BCECC8AA2FD8920A0F7991EE2C099EFDD07066251677E2EFB2E31CE5DD5BCAE3E2B9EC75C5BFCBE515655C469916A6B4AAE542ACF1F5559C95B9651E9F70255F2DBAF4571D242872CABF578BAB435C1C32729990439105F1ABC5E7C3431C857F23CFF7E93F4872991CE2986D266D284DE33ED04F9FB3744FB2E2F9963C428DBFD92C172B9EC84AA4D2D1501168FB5AFC70BE5C7CA4CD0A1E62D2E183E1CB1DED2AF98924240B0AB2F91C1405C9E8F0DE6C48C561A92942C51FD3DD4346DAFA2824E9DC5A2E3E044FEF49B22DBE5E2E7FA493E95DF44436ED87A6095F9288CE445AA6C80E0468A2BEDAB77941D1A1A996FE3B46BD776443CCEC15687C0CBE45DB8ADB02B5F7C1434AD99E66514AA7FA2D89AB4CF9D7685FCFF81326C35A00F8BB2CDDDDA6314F85CFB4BE0FB22D29686B5353CEBBF49085162D2FF900B6B84CE069E76C5B8164A995501EA87D17AB5E08684503D36D2BC1C0949B472C300D70110A42F1EF5C24DC93983CA6C90C42E14509A3618A032B1F0461E55FB4B502C12CDA5AF1826DFA7594EFD33C2AA26F0AA1CC645873A2A56FB7228B24EA54F9FC8A635ECD08C2984D84453197C3B6655FF243A0546F4DA28A8B40B2D44228CF2065C10C8995B260CACDA32C9806B8280BA1F854CAA2CEF7188554826693EB8C9954D587200B83E9F54585D419F4D4E78C84D12CFA31A32BE3C947F71D09BF76A37B4D67C57DB49B47B95B1980181BA7966B41E66534F5157E7AC849F62DA0C049483E7A6D4DF7BCD93FAD490828BD3A69CD9B19BDD2039225A507E5B155CC7F8DF21218A1423577C96B4E21F6ED0433482D8573D9B695B30FFC5A64A21D69B2DCFC5864AAC19712618B6CD0C0FF1CC4D1A6D4B6D7A408E298C0E32FE652C140974F6ABC36F320ABAD9D6F16065B5D641E5BAD1737B6661A5650BDBCE5BCFB82CC41A28AD35E27759D00D9093E2B4C76A5E6816557BD0B32B9C25381F33EDA0F366DFCD86BBEED15CBEAAD966F7A52CD92DA8FC5B819D02E8C44F069BC8842416FE2601B5B4274CD8803A0BD7C96356B9AF56D566692D4AC3AA7E3EE8D76F3066EAD9CAADCBA31B40F2D7245465BC85DBEE83CC2B71565B672172702BF237BC0B0721938994421609E764E60ED6696054A9B32F3C0B3A93C72402853742A90BE4FB707A2DBA438FFF1F7B36C288EA4FEDFEC494CD756E91C96471A1E76251C27DF68BB8E321286953BC9D49D9EEFB0F18A4A9D19AAA5C2F0FFCFC1EACF414C365190EF47DF77F472849B2654D2E7E4DFFFE5E34CC158D763948593D6B889B6E92D090FF46B904DDBD9B2EA372135FB0356CCFC742855992DA648561D739584DEEE82A89B4E7F49A99D1124936EEEABF7AD2BC342B1CD52A7AD3BD385D962E193E40D6B21DDF366B5F5524434F234AB155F7BD40E67DDAA568EB72FDD9FD60B7BD26D02BC1FDDA50EDBC36DB167B3895B97996917B7AAD26917B72B399541EC6953E79AE46116ED3D195DE67D391F3B73379B5BB2A57869BC0C7C894ADDDE8885A89476A215A2D4694AD5B3DD623E9505E6994CAD25643B957016D4CBDBFEF865AD33A1FD8FF363848D0F078F6771CEEBBCA2BD9D92591E3C836D349E8F0DF276B77456045B08BA337A7156441A4860AB24F3C9499A8BC7E756925D2C3C8F94175BE122F1211A5349FFAEEEC186D4FCE775CEC76B5E7C43C479827224B1F671D1B77F0DF8C200CD97B3A93D5B80BC8316454C4F5C26FBCCB37CD0F49E725EFBF101F0B4C83A32D7CF61212222A3A36C171C6A3E9D8DBF84646A3BF75F9B2F1F3B7739A494A21A99E5DA89FBDD1EE72B4833AE19B9A556085C46A3B7209FDB8F54ED490F32A668F9E3B0A768437C98540D99A9A4AF4763685AB771EFA617D2701936D14CA6173C2D6DBA505413CAA20775017307CA7CE8F6579907ADB86EC93ECD0ABB855653661E79D054EE220398A2935A5D3774C2F5F124CEB65745EB5D94F4013FCEA41C8341002AC5617C19848DA0F3539B3707976922E4260A889B28FE6D60B89BBF63193FE16DA337953B6B7D019E1CA31CE93772BD74C406557293BEE6F2F59A184896143094C787DEAD157B7DEA61AF81FBD2B3EAE2BE1903B4324F642AFDFCDD4DD27A2B63BD21EBE6AA8929F61F26DAE618617F63564B83DB54FE3E3434B338AD866C7CE3B052D614ECBB7D36BE393547C8F69AD51193EDEF315259A753FBB6ADB91292768533AAF4AC22B78DC67D93E7691855CD96C5B0701F0FCF93B7C96681BE9CA71E0FE1BA1F3A3254E3467BAA6369CB2E97BF95F88EA9A3DB2DECEB10AE11E26B39936AA19A9A64A5440BE22B3A7A54F7474921ABF52809A37D10631B2410002D03C3757FE5B075F58A29D7644F9252106347C15383BA7A0503C6C4C58B1583353D04A1385E1530B441BD3D245A0F121316F48401AC71DAC9846727A4697A8819525588B915B834CC18DA8609F0048781AA06DE1013DA0F3D136288176486EB3250C0F224C2B44DC10CABF6A6292B7C6979EEA52913C04C1D70A8020322FAB0078418D68A176588886127543BA1CED867CC70C331B25690333265583BA650938273B15293A93C8D19F5D8BADCE3059932D4A3A7DA793D8F22BE140DC00C9B3286D54E29C27CB568C06CD001026554E3AC8B9A71186A2DE119C491BA7BD30149CD899784257665671A7330BAC988269D38D2DE118A5A7E7A124B9A866046537BD5B313AA005E7B69C804D0825CEA5500D0FAD7F700A8B7B2F1524A7B513972CBC193A8D2F41033A070608D15A434CC18D682A9B084DA52D0C4400CC4D1FC9B09CABE4D8920D76D84F9F1C305A568871A8E5019881FF88E6EC7CD5577FC407D9B123F101B5E067EBAB021ED30CB3144037123476D3BD85AEE7811FB332556C4AE1F3D4E5477D8AA06D878A1ADA37A31D7308B796D68CCB426B681F72FC5CCD6C671A950810BEAEAA121072DE21188BB5C78CABD734C8BA6DD42C78CC74BD949D705C41831A28B8E01E068A34C51918043203F0C8BEA9E63065E13ACE7064435933C346706B1C8475960659522E4428D922A02C25D362A62A910C83F3D3911C0EF81595540876DDBF9E80E2B56C99DC0D78898C2E6C1B1E019E471AB6AB8D6FDB66F6F17A862C5159DDFAE99F8600628DCA30CAD35F94A49ED663DC45CD86370B7B2A910CBB2DA69ABBCEB8E8A3192B5FE97AD137399409E0AC029FA4B4E1ABFE8BCF169133B5712BE2385E27E93DE5B0CDEE09478C593E32FEF908871CB040329FEA612891467EA1948D56E281095D63DC84080BD574EA2C19C5419C8F047CF102DF1ACDF40B0BF8D44A2D42DEF4DBC694F8065DEB429060AE5AA192A5FEF58180A0381CF1221D99C42116DDD50D5F4AC5B5747401B1B58290B03E9465440E43A718B2361E82D209304BA8C0C0267B2F83C23935F9ED73ADF514EB89ABD47BBFE8A7245B20A6DFC4519AAA2F013633378C62098063E4422B3CBE8E7C87549E7E9C874A613721AEEE87C1B19527CFB077345F11A83CC1784BF1ED71DBDC71ED32156E66AD8A3F7D11B8F419A1BEB652621BDCDB88E99FDCD98CE495A4AC331B387196A145CA69A78C32230CD747E52FCBC50784AB1D30BD6865A32000F7A8D3D9803D0A5B732134C1E3F5C07343E3F883E98488D0D09F0865D3547949BEC603FA02D76579E409BE94865E7C016F07E42992D469F0BF97849E175C174A5B10D353CD1F9598CA9AA81DB10153C41AA69B5F7803D3F2656D0C0BD8B0A5EA8CFC19127E1F6BC00CFBE479E2DFD6C56F0013ECF459CE8DAF75F3AC31D479B289FD09439803AA9B43AAB4442DBEA74723C88E8AF3F94F9853F66B33F68637A092CA535EC431DAD8D2772B4579F6958683A18B23E1A9218D82EA431BCD31C07D90C8C070C0A37419941A839D47038D6D0F4B6DE33B140227C90811C278FACACAFA4C273523EF1B03FF318838FDC118765050EEC04AF1391B9683C03419F82305DEA37D5347CD21D7A2068B9B344150DAE640EE67CC4E18444EE245AF2E14E44EC2AD030B48D5EEF0E42BAB48BD55DF895EC82E6C3C58A6609C9BE3804717D094C9BF021D8EFA3649BF7259B2F8BBB7D10962720BFBB5B2E9E7671925F2EBF16C5FEF56A9557A4F3935D1466699E3E162761BA5BD1A9B23A3F3DFDE3EAEC6CB5AB69AC424EFD88C7365D4DD4F408B64448ADDE1722EFA22C2FAE83227808CAFB08AE363B299B74ECA3D8166EAB034F76E4316DF789DB62E5FFC239537BA18E764FB767E93BDACBF225B8AAC344B57A93CB530A7761100799E9E2D9AB343EEC1264C8BA9A6E7B87194BAEFD86A7D29E1DB154E0F3241D95D6E790A5A2F2432C712EB05AF28F90C655986B225A5058322CFB2C90A4592F2070A42DADE2B0E069C732DAE084373682FA8735583AFDD7E3C6E258B376268C1BB6792C30AE59DE2130AE2DADE2B9E0BCC772DCE0D7A7A629DCF6C4D21492A69E37CDE5902C91E693058DE6EA478E48F30D4FA5BD378AA5D27EB39977F5C58DFCBCABBFE1A934F732B2449A4F534B8031246E73954835D7EA031F59D6B1A978CAC2AD552C5921C9BAB51BB095C724F5DA53E34102AFD134F6B24E55D01F5BFD08A29906477B6667313EBD4391FD1069CAAA78DB1511078A4BB030939ACB363823497101879A8A0FF13886A8184375335703B0F4343706A869D5B36BA36E2598E168E690E8CD30682209EE79F6B3C94460DC29F022849EE668CD62A4143E1F88215296344CB6089E6CD015216A5AEFD3ED8108B64DFB6D6A2BFBCD9EC47154B994B18498CF16422E0D0F25B785AE319F6D0466F712262F2CBBCF73ACC0AF826C2B90693EE169DCA6C222A0FA30F52EC0CF414C3651506EDBB38498CF93EF28B06FBE731C6613ACE8898FD80B54C5641BDAEAE7EAF94AD4F96C6B635FA897EB60532D50203F57CFA1414E9E667D38D73AA971FF1BB64E828960164AAA924A51D03D30CE0903C583E53A4A3E6D49EEF5704E78B30976363D68D55BDAF5D20BE1FC6697907834A0AC3D880641B20AD2B0C7235C6C5C2DE0C7AA394EEBC14E73CF04378CEB8D05F4A4B01E7B189A49688C1CAEA4084F28DDCA84EA639841B29672F348F60866055EB3B5E2077343C0E680324F38F0B187E5539F1FEF71C158AE03C2F3B5DC48F0496E34CFD534CF8F6E460ABE635EB501E04CE7A010402A589DD03C82AA530BE073ABBA3AC690E463EC4ABF20EDD039EA0DC25F1B746B8F396549E5364FFFD026B7D9A37ABA53478B7B4153D20B6D8225BDE6154D895CF37DCC63501DA5EA314D9150F5F117A786A6C02F4E0D0A2B45B6511C2D14A57DF2B2ECA67965B53F835EBEDDC05980EB68184439FF3A2320D4F90C2F19BAD20B8AB261CD245A1AC190456D6F4A433634683C4FA924B8183185D937BD90061E2454988F6DB2A5E8EE9E1E94247897720C9E5ADC2B82B2ADC2254F2F4CF9F808E34A8C0D04B35B71B1251D965665A088794D250777C90C75DC4D596BF7554A3677ED1BDA74E5058B232F2DB59DB84A934D54DDB3769397CF0277CF5C5A734B0CCAF186CB3AAACE019675C17151C9C6E28D3AB252E0A8CB685BF6CB71B21D13626D193818C56030A3D91CE5F323370C80F1D4843D228751BFD7B0D6EC3958424F1355E9A5A9E320CBC8075F0852C57EDA2C6DF892D6AB18F5A0E9E345ED86CF6229B4462D8EDC70A88F501DAD4BA3A2D48E7366E44AD1B56296CEAE6DBE74BFBBE8DA26B2950BB9ADB85906D0565CCC9B285B31D4B5CEB25C50C67C8B366598EBDD735E90DD4999E1E4EE9FF1551CD1F9D067F81024D123C98BFBF41F24B95C9E9F9ED135DD9B380AF23A68BA09E27D2D5E898A8AEA3DFBA18CEA259BDD4A2C6E1F1B5C52C9F34D0C440697B31D3AA012227AFF46249CB4F8413FD97CB112A988EFA74B04EA4B23A392E99570F989504C0454967F0E8A826449BBFA2D9E978B12ABC1431912DEE075A5ADABDD0EADAB48BE05195D0166C0FDB537C9863C5D2EFF55957BBD602F76A969ACAB1CAFE874F99244FF3CD03CF7D9812CFE937BEEFDC753EB16B6DE167C0B7FBD0B9E7E634DABDDCA63186AEAE8CDDFD775A9578B4F1945FBEBC569D9276DC5AAB7DD25ACA99F1341214DBB9968C69950FC45A1AC198B73FF78EBBD847C206E66F41A19780631D0B25D3A7985985E42F131E699FAF914D43CD31E009BE799507CC479266C82DA4E37F6A6298ED458B25D251786516D4EE77C4CB9F68CCE07AD7613D88F28A8CFEB868C704D63ACA16D0E03EB066E28BC8B68478E5561DBE84644FD5CE141CD90C3A70DE8A95E16301015B6E43D50EC1D07EC18D5961B43E64321CC3871AF7283304B7A900FC7624C3527263EAD75F46028222B71E3A1894E360F095778C45169833EED26405D6A9088F02368ED64028AA4DAEC4130862B3C883F8C679C5D13BA821E24F846C90B3FF34B17BE8C9B6470D0B2797E01B8FF45E02982957123A18C4F360F065374C4F168E39E6DC7A3BD651DBF106586E6FCC7DF7B028E9B3463A2ABBD08C73EC0DA958D1D89F1F74498202C1F9DF7BBC5D24473FB205585751FDBB60F13DFEDC1549F6D45C505527BE808100CEE85AA3AFADB1B7936F0BB267AA8A66BD4ECB990CC1E2472D8774DF92132191947B2F8C52FECA0906BE4CA4E11668D58D975254754AC339BAA5CACB707B077F1DE03D726529CB777F3598E9AC6E109760D37A30910C2C76234574F5B8C7BA277D4D684BBE646A34D1F1C8D439E390CDA8C4288C68888E49C1AEDE41B537498843BE62D09CFE01A84AA41701A19477E36BC1CC60025C7BD995A1E0F616D19CCC74BFBB004F868696B8ACEA2557EEBDC49BA2A7C586D056C4366C4B9A11670A3EE076330E065C2295CE41DB50946AF60BA66E106EDD85213617CEBD153097486C64D1F8DD3AE69CA3045C756216D0CF64045C206600F24051E1F3AD0A842AF3D4C59AD3B891345E48E2C8614CECB034509E7E4812185F4F1C06DD4412E1ECE0B713FBE185E9AC305B88EB3A539971506842DD8497C89C078925D15906025E3F58EEE4869CF131951EE1F2D84A5F86C5F46B747FBDDC5709F42A77071DAC725C381306D5FE2BC8BD23E6287302E3ADB035564B88D93C4D5131D2E8599981F5986AC754127FD237F7CAEA69FD5BB8442CA87435C44FB98DAB7C5F3E552BAA881210908B28A20F79D27F75B891CD50A242BA775105FA5495E64412487DA7FCEA2248CF6410C7646C80DAA1CE3ED7017ABAE1231E59AEC49528A1EA0DF9EEAEEAA1094A0893B5C3C981E32CDB452BF88C58C2CBF915D0D6AFB090F0F40B68A2F4D8F040FE5D335787F4D2B40E8DF06B3AB74022474BE5EEA37AB870DA30E15BDA3194B8CF93A0A226C47C8706D9F0536740F8B38D43B013C787F40E5332BCC980A1E84ECC08A49C70E14E3633058EFC71141A2AE700A35527B50AC6127C57EF8DA7476F0BA6F7814B40E1B9C2A6ABF8D8200F5233316EE9656A3AF7E414059E36CC3DF3A1022A4822704CC2307A647819D0C38161CA8A39007AD137480B0C0952730D81AFCDAD86A2B50D8C0D058EB04B0A83C80748F9433E3C86EA85583587FC003C17149EB09148A4736B08E5E5630B05FEFAA2B9D0A05A885E6600CCCB7C89C72FC6D972FF38F3E238C461CFDF976A0A61C7D5BF533FFE8C3CF3DFA1CF9E98D802947DC46EDCF3ADAEC9D00339882F349FFF94C425B5D700C66A1E87734C7C6A3E439CDD29413BFB36D48C4BB5CC7B91B0938DCC12F9541430D8FF14B438DEE7D2B2B3FECF11163A87C0651C35F80ED0931A7272736A0E96E4756E0A64AFF8EA1033FFBA4A9DF74E5F78C382A64B770AF036F0FADFA9ECC79E1E53AD0A64BA68740AEE28B636BF057794F0045E8FE69153E5ACF6B160FDD372BA435A5247429A8794294FAC52E0B57712BE4B0FDB4A8557FCBF674A850DC246D1855D9B98A1D5B36D505337D79157AD435F8C591F6092127C754176C09FC706A09F65E6DEFC87BCB5F27DDFA3489573F4B886BEE30877CA0968BDECF0DDEB1AF2F92BE5C6E1ECAB55FED2FC76591DF8391AAE4F614A40AB954A83A6E07D35417B72695EAE252A1BA980C888EB5AE58523D6D0254459D86A0CE9CAC4A153069501D5D32A21AD13144AA4BCC005528E631D4D96D104A957529502DDD6EA671605AC7047964DA147068DA4403F97A8F54A25D7F8608D74FC99BC8CAAB58A90A390B549DBC404757ADABD350997D072B7BD8D8C7FA651A4437AB67724D6DE8AC26A9DE2E05AAAB7B0615499FD5ABAA9AD83C9A3AFB6C72EDFC2304469FE405935F16BF3A0766CEBA007548F54C8690226945C506344381FB2E86A2F0DD45B002F2B505986074C9E59ACE8BFDAAD5ED274D8701CD5415D5BC50E7D061D8A514E832C2F77468F3B9F29286A94AAB55867DD7D5EE9240F791BE955C17604D59F543AFFF266684E81908015EE73C089FEF318DEDBE69BA29A8E07A9628F4AB7D1701EF37A097261F392F1D1D7F3C21172F4D6F352762C3E4AF2BBB1CBA0CB92F015D367A39714D66CDB6AABDF06BAFC3159D6B874D6ACAE0CE33B0B3D32828D92945D551B5E7CAC08E4E637AF0FE17AA4EC20E1A033B38EEDC54B91A005D44792578154BD380587B8C0EF0017FECEED5E6522D28C1B73D7DB2053822D671C574A2AC3A21847A739C0C811F0136034573683A1A539855B9F211D8F158533F448BE78C7C0CE8BB73B863BFD119063E7E2AF3C97846059F5231CDEFBE69D8C09D4999CBBA775771AAA2EE38E618C674102377884D35B3453C76B1A1A76195F4A2649776B1AAF78F9A0FF4A7F472E4C5EAF6909457C6D4BFAE491E6D7B12E54B990909B923872ECF4DF298B60723428BDA2CE2653C14F89BA008DE6445F41884054D0E499E47C976B9A05D3F94EBC3DD03D9DC249F0EC5FE50D02E93DD43FCCC32A33C41D1D57FB192DA7CF1695FFECA7D74A11EA1827C4AFE7288E24DD7EE77C0B58E0A12E5D14C73EF4939964579FFC9F6B9A3F4314D90841AF675274AF764B78F29B1FC5372177C232E6DFB9293F7641B84CF9F9B0740D544CC03C1B3FDE23A0AB659B0CB1B1A7D79FA936278B37BFAD3FF0197E4EC543F400100, N'6.2.0-61023')
INSERT [dbo].[__MigrationHistory] ([MigrationId], [ContextKey], [Model], [ProductVersion]) VALUES (N'202003172309272_AutomaticMigration', N'Inventory.Models.InventoryContext', 0x1F8B0800000000000400ED5DDD6EE4BA91BE0FB0EFD0E8AB2498B86D1F9C2019D80926F6CC8991F983ED39C85D4356D33D42D45247520F6C04FB507BBD177B9107DA5758EA9F3F45B24851527BF6C0376E912C92C58F5545B28AFCDFFFFE9F8B3F3FEDE2C53792E5519A5C2ECF4E4E970B9284E9264AB697CB43F1F8BB3F2CFFFCA7FFF8D5C5DBCDEE69F1739BEF87321F2D99E497CBAF45B17FBD5AE5E157B20BF2935D1466699E3E162761BA5B059B74757E7AFAC7D5D9D98A50124B4A6BB1B8B83D2445B423D50FFAF32A4D42B22F0E41FC21DD90386FBED394BB8AEAE263B023F93E08C9E5F226F9469222CD9E4FEABCCBC59B380A683BEE48FCB85C0449921641415BF9FA4B4EEE8A2C4DB6777BFA2188EF9FF784E67B0CE29C34AD7FDD67C776E4F4BCECC8AA2FD8920A0F7991EE2C099EFDD07066251677E2EFB2E31CE5DD5BCAE3E2B9EC75C5BFCBE515655C469916A6B4AAE542ACF1F5559C95B9651E9F70255F2DBAF4571D242872CABF578BAB435C1C32729990439105F1ABC5E7C3431C857F23CFF7E93F4872991CE2986D266D284DE33ED04F9FB3744FB2E2F9963C428DBFD92C172B9EC84AA4D2D1501168FB5AFC70BE5C7CA4CD0A1E62D2E183E1CB1DED2AF98924240B0AB2F91C1405C9E8F0DE6C48C561A92942C51FD3DD4346DAFA2824E9DC5A2E3E044FEF49B22DBE5E2E7FA493E95DF44436ED87A6095F9288CE445AA6C80E0468A2BEDAB77941D1A1A996FE3B46BD776443CCEC15687C0CBE45DB8ADB02B5F7C1434AD99E66514AA7FA2D89AB4CF9D7685FCFF81326C35A00F8BB2CDDDDA6314F85CFB4BE0FB22D29686B5353CEBBF49085162D2FF900B6B84CE069E76C5B8164A995501EA87D17AB5E08684503D36D2BC1C0949B472C300D70110A42F1EF5C24DC93983CA6C90C42E14509A3618A032B1F0461E55FB4B502C12CDA5AF1826DFA7594EFD33C2AA26F0AA1CC645873A2A56FB7228B24EA54F9FC8A635ECD08C2984D84453197C3B6655FF243A0546F4DA28A8B40B2D44228CF2065C10C8995B260CACDA32C9806B8280BA1F854CAA2CEF7188554826693EB8C9954D587200B83E9F54585D419F4D4E78C84D12CFA31A32BE3C947F71D09BF76A37B4D67C57DB49B47B95B1980181BA7966B41E66534F5157E7AC849F62DA0C049483E7A6D4DF7BCD93FAD490828BD3A69CD9B19BDD2039225A507E5B155CC7F8DF21218A1423577C96B4E21F6ED0433482D8573D9B695B30FFC5A64A21D69B2DCFC5864AAC19712618B6CD0C0FF1CC4D1A6D4B6D7A408E298C0E32FE652C140974F6ABC36F320ABAD9D6F16065B5D641E5BAD1737B6661A5650BDBCE5BCFB82CC41A28AD35E27759D00D9093E2B4C76A5E6816557BD0B32B9C25381F33EDA0F366DFCD86BBEED15CBEAAD966F7A52CD92DA8FC5B819D02E8C44F069BC8842416FE2601B5B4274CD8803A0BD7C96356B9AF56D566692D4AC3AA7E3EE8D76F3066EAD9CAADCBA31B40F2D7245465BC85DBEE83CC2B71565B672172702BF237BC0B0721938994421609E764E60ED6696054A9B32F3C0B3A93C72402853742A90BE4FB707A2DBA438FFF1F7B36C288EA4FEDFEC494CD756E91C96471A1E76251C27DF68BB8E321286953BC9D49D9EEFB0F18A4A9D19AAA5C2F0FFCFC1EACF414C365190EF47DF77F472849B2654D2E7E4DFFFE5E34CC158D763948593D6B889B6E92D090FF46B904DDBD9B2EA372135FB0356CCFC742855992DA648561D739584DEEE82A89B4E7F49A99D1124936EEEABF7AD2BC342B1CD52A7AD3BD385D962E193E40D6B21DDF366B5F5524434F234AB155F7BD40E67DDAA568EB72FDD9FD60B7BD26D02BC1FDDA50EDBC36DB167B3895B97996917B7AAD26917B72B399541EC6953E79AE46116ED3D195DE67D391F3B73379B5BB2A57869BC0C7C894ADDDE8885A89476A215A2D4694AD5B3DD623E9505E6994CAD25643B957016D4CBDBFEF865AD33A1FD8FF363848D0F078F6771CEEBBCA2BD9D92591E3C836D349E8F0DF276B77456045B08BA337A7156441A4860AB24F3C9499A8BC7E756925D2C3C8F94175BE122F1211A5349FFAEEEC186D4FCE775CEC76B5E7C43C479827224B1F671D1B77F0DF8C200CD97B3A93D5B80BC8316454C4F5C26FBCCB37CD0F49E725EFBF101F0B4C83A32D7CF61212222A3A36C171C6A3E9D8DBF84646A3BF75F9B2F1F3B7739A494A21A99E5DA89FBDD1EE72B4833AE19B9A556085C46A3B7209FDB8F54ED490F32A668F9E3B0A768437C98540D99A9A4AF4763685AB771EFA617D2701936D14CA6173C2D6DBA505413CAA20775017307CA7CE8F6579907ADB86EC93ECD0ABB855653661E79D054EE220398A2935A5D3774C2F5F124CEB65745EB5D94F4013FCEA41C8341002AC5617C19848DA0F3539B3707976922E4260A889B28FE6D60B89BBF63193FE16DA337953B6B7D019E1CA31CE93772BD74C406557293BEE6F2F59A184896143094C787DEAD157B7DEA61AF81FBD2B3EAE2BE1903B4324F642AFDFCDD4DD27A2B63BD21EBE6AA8929F61F26DAE618617F63564B83DB54FE3E3434B338AD866C7CE3B052D614ECBB7D36BE393547C8F69AD5112F6DB5CF08779D6AEEBBB8E64A484A1ACEA852D78ADC368AFB4D9EA76154355B96E6C2B53E3C4FDE269B05FA8E9F7A58855B83E80053C51DEDA9AAA62DBB5CFE56E23BA68E6ED3B1AF43B88D88AFE54CAA852A7C9295823188AFE8E85113224A0AD93A889230DA0731B6410201D0C030DC1A580E5B57AF98724DF62429E53976143C35A8AB57B0834C5CBC583158D343100A075601431B1BDC43A275443161414F18C01AA7E44C7876429AA68798215545AA5B814BC38CA16D98004F7034A96AE00DA1A5FDD033918A784166B87503052C4F224CDB14CCB06A2FACB2C29796E75E9A3201CCD4718B2A302082187B4088D1B1785186083C7642B513EA8C7DC60C371C6A6B0539235386B5630A3529F8282B3599CA6199518FADE73E5E902923467AAA9DF3F428E24BD100CCB0294361ED9422CC578B06CC061D20DE4635CEBAE01B87A1D6129E411CA9BB371D90D49C784958625776A6310783A48C68D28923ED55A3A8E5A727B1A469086634B537463BA10AE0B597864C002DC8335F0500AD9B7E0F807A471C2FA5B4F79D23B71C3C892A4D0F31030AC7E758414AC38C612D980A4BA82D054D28C5401CCDBF99A0ECDB940872DD46981F3F5C6C8B76A8E1409781F881AFFA76DC5C75C70FD4B729F103B1E165E0A78B3ED20EB31C8A34103772F0B783ADE58E17B13F536245ECFAD1E3447515AE6A808DF7E23AAA17730DB398D786C64C6B621B78FF52CC6C6D38980A15B8D8B01E1A72EC231E81B83B8AA7DC3BC7B468DA2D74CC78BC949D745D5C8D1123BA201B008E36CA1415503804F2C3B0A8EE3966E035317F6E405433C9437366108B7CB0065656292237D428A90229DC65A322240B81FCD3931301FC1E9855C585D8B69D0F12B16295DC097C8D88296C1E1C0B9E418EBBAA866BBD78FBF676F12E565CD1B9FF9A890F6680C23DCAD05A93AF94D46ED6D1CC853D06772B9B0AB12CAB9DB6CA2BF3A8182359EBC6D9FA429709E4A9007CABBFE4A471AFCE1BD738B17325E13B5228AE49E9BDC5E00D4E89573C39FE0E108918B74C3090E22F3C914871A69E8154ED86025169DD830C04D8EBE9241ACC4995810C7FF40CD112CFFA0D04FB4B4D244ADDF2DEC49BF60458E64D9B62A050AE9AA1F2F58E85A130103F2D1192CD2914D1D69B554DCFBA757520B5B18195B230906E440544AE13B7381286DE023249A0CBC82070268BAF3C32F9E579ADF31DE584ABD97BB4EBAF285724ABD0C65F94A12A0A3F31C483670C8269E07B2632BB8C7E8E5C97749E8E4C673A21A7E18ECEB79121C5B77F3057148F3AC87C41F8EB71DDD17BEC311D6265AE863D7A1FBDF118A4B9F85E6612D2DB8CEB98D9DF8CE99CA4A5341C337B98A146C165AA89173502D34CE727C5CF0B85A7143BBD606DA82503F0A0D7D8833900DD9D2B33C1E4F1C37540E3F383E88389D4D890002FEA557344B9C90EF603DA6277E509B4998E54760E6C01AF3994D962F4B9908F97145E174C571ADB50C3139D9FC598AA1AB85451C113A49A567B0FD8F36362050D5CDFA8E085FA1C1C79126ECF0BF0EC7BE4D9D2CF66051FE0F35CC489AE7DFFA533DC71B489F2254E9903A8934AABB34A24B4AD4E27C78388FE1645995FF86336FB8336A697C0525AC33ED4D1DA7822477B839A8685A68321EBA3218981ED421AC33BCD7190CDC078C0A070A19419849A430D87630D4D6FEB3D130B24C20719C871F2C8CAFA662B3C27E5130FFB338F31F8C81D715856E0C04EF05612998BC63310F42908D3A57E534DC327DDA10782963B4B54D1E04AE660CE471C4E48E44EA2251FEE44C4AE020D43DBE8F5EE20A44BBB58DD855FC92E683E5CAC689690EC8B4310D777C9B4091F82FD3E4AB6795FB2F9B2B8DB07617902F2BBBBE5E2691727F9E5F26B51EC5FAF5679453A3FD9456196E6E9637112A6BB159D2AABF3D3D33FAECECE56BB9AC62AE4D48F786CD3D5444D8F604B84D4EA9922F22ECAF2E23A288287A0BC80E06AB393B249C73E8A6DE1B63AF064471ED3769FB82D56FE2F9C33B5F7F268F7747B96BEA3BD2C1F94AB3A4C54AB37B93CA5701706719099EEAFBD4AE3C32E4186ACABE9B657A1B1E4DA6F782AEDD9114B053E4FD251697D0E592A2A3FC412E702AB25FF08695C85B926A2058525C3B2CF02499AF5020247DAD22A0E0B9E762CA30D4E786323A87F9F83A5D37F3D6E2C8E356B67C2B8619BC702E39AE51D02E3DAD22A9E0BCE7B2CC70D7E7D6A9AC2A5512C4D2169EA79D3DC31C912693E59D0686E90E48834DFF054DAEBA7582AED379B7957DFFFC8CFBBFA1B9E4A73BD234BA4F934B5041843E23657895473AD3EF091651D9B8AA72C5C7EC5921592AC5BBB015B794C52AF3D351E24F01A4D632FEB5405FDB1D58F209A6970B4677616E3D33B14D90F91A6AC8AB75D1171A0B8040B33A9B96C833392141770A8A9F8108F63888A3154377335004B4F7363809A563DBB36EA5682198E660E89DE0C832692E09E673F9B4C04C69D022F42E8698ED62C464AE1F38118226549C3648BE0C9065D11A2A6F53EDD1E8860DBB4DFA6B6B2DFEC491C47954B194B88F96C21E4D2F050725BE81AF3D94660760F6AF2C2B2FB3CC70AFC2AC8B60299E6139EC66D2A2C02AA0F53EF02FC1CC4641305E5B63D4B88F93CF98E02FB743CC76136C18ADE6394851AAA62B20D6DF5ABF77C25EA7CB6B5B10FDDCB75B0A91628905FBDE7D020274FB33E9C6B9DD4B8FF0D5B27C144300B255549A528E8DE29E78481E2DD731D259FB624F7083927BCD9043B9B1EB4EA2DED7AE9A1717EB34B483C1A50D61E448320590569D8E3112E36AE16F063D51CA7F560A7B967821BC6F5C6027A52588F3D0CCD2434460E57528427946E6542F531CC20594BB979247B04B302AFD95AF183B92160734099271CF8D8C3F2A9CF8FF7B8602CD701E1155C6E24F824379AE76A9AE747372305DF31AFDA0070A67350082015AC4E68DE52D5A905F0D5565D1D6348F23176A55F9076E81CF506E1AF0DBAB5C79CB2A4729BA77FAF93DBEC51BD00AAA3C53DC429E98536C1925EF318A744AEF93EE631A88E52F526A748A8FAF88B534353E017A706859522DB288E168AD23E795976D3BCB2DA9F412FDF6EE02CC075340CA29C7FE41110EA7C86970C5DE92146D9B066122D8D60C8A2B637A5211B1A349EA754125C8C98C2EC9B5E4803EF1A2ACCC736D95274772F184A12BC4B39064F2DEE3142D956E1925FB611CDC75A1857756C5099DDEA8D2DE9B04C2B834ECCEB3339504C66A8E3CECC5ABB4753B2B96BDFD0A62B2F6B1C7999AAEDC4559A6CA2EACEB69BBC7C27B37B23D39A5B62808F375CD6117A0EB0AC0B8E8B4A36AE6FD4919582505D46DBB25F8E93ED98106BCBC0C128060323CDA62D9F1FB9F9008CA7268412398CFA7D8BB566FFC2127A9A084D2F4D1D0759463EF842902A8ED46699C497B45E11A9074D1F7B6A377C16CBAA356AA1E586437DB4EB685D1A15A5769C3323578AD415B374766DF3A5FBDD45EA3651B25CF86EC5CD3218B7E262DE44EC8A61B37596E58232E65BB4294366EF9EF382EC4ECA0C2777FF8CAFE288CE873EC38720891E495EDCA7FF20C9E5F2FCF48CAE0FDFC45190D701D84D40F06BF17A555484F0D90F658430D9EC566271FB38E3924A9E6F6220CAB89CEDD06197101DFC3722E1A4C50FFAF9E78B9548457C605D22505F4019954CAF84CB4F846222A0B2FC735014244BDA9574F16C7E855DB1DD5A57917C0B32BA9ACC80BB706F920D79BA5CFEAB2AF77AC15E1253D35857395ED1E9F22589FE79A079EEB30359FC27F702FD8FA7D62D6C3D37F816FE7A173CFDC69A56BB2DC830D4D4D19BBFAFEB52AF169F328AF6D78BD3B24FDA8A55EFC44B58533F4D82429A7663D28C33A1F88B42593316E7FEF1D67B1CF940DCCCE83532F00C62A065BB74F20A31BD84E263CC33F5532CA879A63D4C36CF33A1F888F34CD850B59D6EECAD551CA9B164BB4A2E0CA3DA9CF4F99872ED799F0F5AED86B21F51509FFD0D19E19AC65843DB1C2CD60DDC507817D18E1CABC2B6D18D88FAB9C2839A2187621BD053BD5260202A6CEF7BA0D83B21D831AA2D3786CC87C2A171E25EE5526196F4201F8EC5986A4E5F7C5AEBE8C1504469E2C64313E96C1E12AEF088A3D20690DA4D80BAD42011E147D0DAC9041449B5D983600C5778107F980342BB2674053D48F08D92177EE6972E141A37C9E00068F3FC0270FF8BC053043EE3464219EB6C1E0CA6E888E3D1C650DB8E477B633B7E21CA0CCDF98FBFF7041C3769C6446A7B118E7DB0B62B1B3B12E3EF8930015D3E3AEF778BA5890CF741AA0A113FB66D1F2656DC83A93EDB8A8A0BCAF6D01120B0DC0B557524B937F26C10794DF4504DD7A8D97321993D48E410F29AF2436432328E64F18B5FD841E1DBC8959D22641BB1B2EB4A8EA858673655B9B8710F60EF62C707AE4DA49871EFE6B31C818DC313EC666E461320848FC568AE9EC918F744EFA8AD0977CD8D469B3ED01A873C7348B51985108D1111C93935DAC937A6E8300977CC5B129EC135085583E034328EFC6C78398C014A8E7B33B53C1EC2DA32988FBDF66109F091D7D6149D45ABFC6EBA937455F8B0DA0AD886CC8873432DE046DD0FC660C0CB8453B8C83B6A138C5EC174CDC20DDAB1A526C2F8D6A3A712E80C8D9B3E1AA75DD394618A8EAD42DA78EE818A840DE61E480A3C3E74A05185717B98B25A7712278AC81D590C299C97078A12CEC903430AE9E381DBA8835C3C9C17E27E7C31BC34870B961D674B732E2B0C085BB093F81281F124BB2A20C14AC6EB1DDD91D29E2732A2DC3F5A084BB1DEBE8C6E8FF6BB8BE13E854EE162BE8F4B860321DFBEC47917F17DC40E615CA4F7B12C2190313B4E625B4F74B8286702876441B4D645AEF4AF0EF2B99A7E560F250A291F0E7111ED636A2417CF974BE9E6088624200D2B82DC779EDC6F257254B590AC940D417C9526799105911CAFFF398B9230DA0731D8192137A8B78CD7D55DACBA4AC4946BB2274929BF807E7BAABBAB42D0A426EE7041657AC8347353FD441733B2FC6E7835A8ED273C3C00012D3E7D3D123C946FE9E09D3EAD00A17FACCCAED20990D0398CA91FD11E368C3A54F4DE6A2C31E6EB2888B01D21C33D8216D8D0BD74E250EF04F0E09D0A95EFBE30632AB821B2032B261D3B508CAFD3605D28470489BAC229D448ED86B1863D1DFBE16BD3D9C1EBBEE151D07A7D70AAA8FD360A02D4AFDE58F86C5A8DBEFA4903658DB30D7FEB8588900A9E10308F1C981E057632E05870A00E651EB44ED001C202579EC0606BF06B03B4AD4061034363AD13C0A27223D2BD9ACE8C23BB2B570D62FD010F04C725AD2750285EFDC07A8B59C1C07EBDABAE742A14A0169A833130DF2273CAF1B75DBECC3FFA8C301A71F4E7DB819A72F46DD5CFFCA30FBF3FE973E4A73702A61C711BB53FEB68B3170BCC600ACE27FDE733096D75C1319885A2F3D21C1B8F92FB354B534EFCCEB621110F851DE76E24E0B5073F9D060D353CC62F0D35BA07B7AC9CB9C7478CA1F219440D7F8BB627C49C9E9CD880A6BB6259819B2AFD3B860EFC0E95A67ED3BDE133E2A8907DCBBD0EBC3DB4EACB36E78597EB409B6EAA1E02B98A2F8EADC1DF073E0114A14BAC55F868DDB7593C74DFAC90D69492D0A5A0E60951EA27C42CFCCDAD90C3F6D3A256FD55DDD3A142711DB56154650F2D766CD95417CCF4E555E851D7E01747DA378D9CBC5B5DB025F0C3A925D8CBB9BD23EF2D7F2775EBD324DE1F2D21AEB9081DF2815A2E7A3F3778C7BEBE8DFA72B97928D77EB5BF1C97457EA046AA92DB53902AE452A1EAB81D4C535DDC9A54AA8B4B85EA6232203AD6BA6249F5B4095015751A823A73B22A55C0A4417574C9886A44C710A92E310354A198C75067B7412855D6A540B574BB99C681691D13E4916953C0A169130DE4EB3D528976FD19225CBF6D6F222BAF62A52AE42C5075F2021D5DB5AE4E4365F61DACEC61631FEBE76D10DDACDEED35B5A1B39AA47ABB14A8AEEE5D56247D56AFAA6A62F368EAECB3C9B5F32F19187D92174C7E59FCEA1C9839EB02D421D55B1B428AA415151BD00C05EEBB18CFC27717C10AC8D7166082D125976B3A2FF6AB56B79F341D0634535554F3649E4387619752A0CB08DFD3A1CDE7CA4B1AA62AAD5619F65D57BB4B02DD47FA56725D803565D50FBDFE9B9811A2672004789DF3207CBEC734B6FBA6E9A6A082EB59A2D0AFF65D04BCDF805E9A7CE4BC7474FCF1845CBC34BDD59C880D93BFAEEC72E832E4BE0474D9E8E5C4359935DBAAF6C2CFCF0E5774AE1D36A929833BCFC0CE4EA3A064A7145547D59E2B033B3A8DE9C1FB5FA83A093B680CECE0B87353E56A007411E595E0552C4D0362ED313AC007FCB1BB579B4BB5A0041F08F5C916E08858C715D389B2EA8410EACD7132047E49D80C14CDA1E9684C6156E5CA9764C7634DFD9A2D9E33F231A0EFCEE18EFD466718F882AACC27E319157C4AC534BFFBA661037726652EEBDE5DC5A98ABAE3986318D3418CDC2136D5CC16F1D8C5869E8655D2B3945DDAC5AADE3F6A3ED09FD2F39317ABDB4352DE3B53FFBA2679B4ED4994CF6D2624E48E1CBA3C37C963DA1E8C082D6AB38837FA50E06F8222789315D1631016343924791E25DBE58276FD50AE0F770F6473937C3A14FB4341BB4C760FF133CB8CF2044557FFC54A6AF3C5A77DF92BF7D1857A840AF229F9CB218A375DBBDF0177432A48944733CDE529E55816E5252ADBE78ED2C73441126AD8D79D28DD93DD3EA6C4F24FC95DF08DB8B4ED4B4EDE936D103E7F6E5E115513310F04CFF68BEB28D866C12E6F68F4E5E94F8AE1CDEEE94FFF077FB32F9817410100, N'6.2.0-61023')
INSERT [dbo].[__MigrationHistory] ([MigrationId], [ContextKey], [Model], [ProductVersion]) VALUES (N'202007110118412_AutomaticMigration', N'Inventory.Models.InventoryContext', 0x1F8B0800000000000400ED5DDD6EE4BA91BE5F20EFD0E8ABDD60E2B67D7082CDC04E30B167CE1A993FD89E83BD6BC86ABA47885AEA48EA818D451E2AD7B9C8C53E505E21D43F7F8A6491A2A4F6E4C0376E912C92C58F5545B28AFCE7DFFF71F187A75DBCF846B23C4A93CBE5D9C9E972419230DD44C9F67279281E7FF3DFCB3FFCFE57FF71F176B37B5AFCDCE6FBA1CC474B26F9E5F26B51EC5FAF5679F895EC82FC641785599AA78FC54998EE56C1265D9D9F9EFE6E7576B62294C492D25A2C2E6E0F4911ED48F583FEBC4A9390EC8B43107F483724CE9BEF34E5AEA2BAF818EC48BE0F4272B9BC49BE91A448B3E7933AEF72F1268E02DA8E3B123F2E174192A44550D056BEFE9293BB224B93EDDD9E7E08E2FBE73DA1F91E8338274DEB5FF7D9B11D393D2F3BB2EA0BB6A4C2435EA43B4B82673F349C5989C59DF8BBEC384779F796F2B8782E7B5DF1EF727945199751A68529AD6AB9106B7C7D1567656E99C7275CC9578B2EFD5507098A9CF2EFD5E2EA1017878C5C26E4506441FC6AF1F9F01047E19FC8F37DFA67925C268738669B491B4AD3B80FF4D3E72CDD93AC78BE258F50E36F36CBC58A27B212A974345404DABE163F9C2F171F69B382879874F860F87247BB4A7E2209C982826C3E074541323ABC371B5271586A8A50F1C774F79091B63E0A493AB7968B0FC1D37B926C8BAF97CB1FE9647A173D914DFBA169C29724A233919629B203019AA8AFF66D5E507468AAA5FF8E51EF1DD910337B051A1F836FD1B6E2B640ED7DF09052B6A75994D2A97E4BE22A53FE35DAD733FE84C9B01600FE2E4B77B769CC53E133ADEF836C4B0ADADAD494F32E3D64A145CB4B3E802D2E1378DA39DB5620596A2594076ADFC5AA17025AD1C074DB4A3030E5E6110B4C035C848250FC3B1709F724268F693283507851C26898E2C0CA074158F9176DAD40308BB656BC609B7E1DE5FB348F8AE89B42283319D69C68E9DBADC822893A553EBFE2985733823066136151CCE5B06DD997FC1028D55B93A8E222902CB510CA334859304362A52C9872F3280BA6012ECA42283E95B2A8F33D462195A0D9E43A632655F521C8C2607A7D512175063DF5392361348B7ECCE8CA78F2D17D47C2AFDDE85ED359711FEDE651EE560620C6C6A9E55A9079194D7D859F1E72927D0B287012928F5E5BD33D6FF64F6B12024AAF4E5AF36646AFF4806449E941796C15F3FF4479098C50A19ABBE435A710FB768219A496C2B96CDBCAD9077E2D32D18E34596E7E2C32D5E04B89B0453668E07F0EE268536ADB6B5204714CE0F11773A960A0CB27355E9B7990D5D6CE370B83AD2E328FADD68B1B5B330D2BA85EDE72DE7D41E62051C569AF93BA4E80EC049F1526BB52F3C0B2ABDE05995CE1A9C0791FED079B367EEC35DFF68A65F556CB373DA96649EDC762DC0C68174622F8345E44A1A03771B08D2D21BA66C401D05E3ECB9A35CDFA362B33496A569DD371F746BB7903B7564E556EDD18DA8716B922A32DE42E5F741EE1DB8A325BB98B1381DF913D6058B90C9C4CA210304F3B27B07633CB02A54D9979E0D9541E392094293A1548DFA7DB03D16D529CFFF8DB5936144752FF6FF624A66BAB740ECB230D0FBB128E936FB45D471909C3CA9D64EA4ECF77D87845A5CE0CD55261F8EF73B0FA7310934D14E4FBD1F71DBD1CE1A60995F439F9FFBFF9385330D6F51865E1A4356EA26D7A4BC203FD1A64D376B6ACFA4D48CDFE8015333F1D4A55668B299255C75C25A1B7BB20EAA6D31F536A6704C9A49BFBEA7DEBCAB0506CB3D469EBCE7461B658F82479C35A48F7BC596DBD14118D3CCD6AC5D71EB5C359B7AA95E3ED4BF7A7F5C29E749B00EF4777A9C3F6705BECD96CE2D66566DAC5ADAA74DAC5ED4A4E65107BDAD4B9267998457B4F4697795FCEC7CEDCCDE6966C295E1A2F035FA252B73762212AA59D688528759A52F56CB7984F65817926536B09D94E259C05F5F2B63F7E59EB4C68FFE3FC1861E3C3C1E3599CF33AAF686FA7649607CF601B8DE76383BCDD2D9D15C11682EE8C5E9C15910612D82AC97C7292E6E2F1B99564170BCF23E5C556B8487C88C654D2BFAB7BB02135FF799DF3F19A17DF10719EA01C49AC7D5CF4ED5F03BE3040F3E56C6ACF1620EFA04511D31397C93EF32C1F34BDA79CD77E7C003C2DB28ECCF573588888C8E828DB05879A4F67E32F2199DACEFDD7E6CBC7CE5D0E29A5A84666B976E27EB7C7F90AD28C6B466EA9150297D1E82DC8E7F623557BD2838C295AFE38EC29DA101F265543662AE9EBD1189AD66DDCBBE985345C864D3493E9054F4B9B2E14D584B2E8415DC0DC81321FBAFD55E6412BAE5BB24FB3C26EA1D59499471E3495BBC800A6E8A456D70D9D707D3C89B3ED55D17A17257DC08F3329C76010804A71185F066123E8FCD4E6CDC1659A08B98902E2268A7F1B18EEE6EF58C64F78DBE84DE5CE5A5F802787C7459B77CBA4510FA53F37A8D99BF43597AF57E840B2A4C7A13C3ED4776D1FD48727F68ABC2F3DAB4AEF9B3140B9F344A652F3DFDD5CAF7744D61BB26E6EAC98621B63A2DD9211B649663558B8BDE9EF43D1336BDC6AC8C6B7312B9D4FC1BEDB67E35B6573447EAF591DF1D2360D18E1AE53CD7D17D75C094949C31955EA5A91DB4671BFC9F3348CAA66CBD25CB81D88E7C9DB64B3405F15540FAB70F9101D60AAB8A33D55D5B46597CB5F4B7CC7D4D1ED5DF67508971AF1B59C49B550854FB2523006F1151D3D6A424449215B07511246FB20C6364820001A1886CB07CB61EBEA1553AEC99E24A53CC78E82A70675F50A7690898B172B066B7A084251C52A6068438C7B48B4FE2C262CE8090358E3949C09CF4E48D3F41033A4AA80772B70699831B40D13E0090E4A550DBC2142B51F7A26E0112FC80C9777A080E54984699B821956EDBD5756F8D2F2DC4B532680993AFC510506442C640F0831C8162FCA10F1CB4EA876429DB1CF98E1862376AD206764CAB0764CA126055767A52653F93D33EAB10D00C00B3265E0494FB5F3C11E457C291A8019366544AD9D5284F96AD180D9A00384EDA8C65917C3E330D45AC233882375F7A603929A132F094BECCACE34E660AC95114D3A71A4BDB114B5FCF42496340DC18CA6F6E269275401BCF6D29009A00539F8AB00A0F5F6EF0150EF88E3A594F6DA74E496832751A5E9216640E1301F2B48699831AC05536109B5A5A089C81888A3F93713947D9B1241AEDB08F3E3870B91D10E351C2F33103FF08DE18E9BABEEF881FA36257E2036BC0CFC74414CDA6196239A06E2468E2177B0B5DCF122F6674AAC885D3F7A9CA86ED4550DB0F17A5D47F562AE6116F3DAD098694D6C03EF5F8A99AD8D2A53A1021762D643430EA1C4231077D5F1947BE798164DBB858E198F97B293AE0BCF31624417AB03C0D14699A2E21287407E1816D53DC70CBC2674D00D886A267968CE0C62918FF9C0CA2A4500881A25553C86BB6C54447621907F7A722280DF03B3AAF012DBB6F3B12656AC923B81AF113185CD8363C133C87157D570AD176FDFDE2E6CC68A2B3AF75F33F1C10C50B847195A6BF29592DACD3A9AB9B0C7E06E6553219665B5D35679F31E1563246BDD385B5FE832813C15806FF5979C34EED579E31A2776AE247C470AC56D2BBDB718BCC129F18A27C75F252211E396090652FCBD291229CED43390AADD50202AAD7B9081007BCB9D448339A93290E18F9E215AE259BF81607F378A44A95BDE9B78D39E00CBBC69530C14CA553354BEDEB1301406C2B02542B2398522DA7AB3AAE959B7AE8EC73636B0521606D28DA880C875E21647C2D05B40260974191904CE64F1B14826BF3CAF75BEA39C70357B8F76FD15E58A6415DAF88B325445E1278678F08C41300D7C16456697D1CF91EB92CED391E94C27E434DCD1F93632A4F8F60FE68AE26D08992F087F3DAE3B7A8F3DA643ACCCD5B047EFA3371E8334F7E7CB4C427A9B711D33FB9B319D93B4948663660F33D428B84C35F1BE47609AE9FCA4F879A1F09462A717AC0DB564001EF41A7B3007A02B786526983C7EB80E687C7E107D30911A1B12E07DBF6A8E2837D9C17E405BECAE3C8136D391CACE812DE06D89325B8C3E17F2F192C2EB82E94A631B6A78A2F3B31853550377332A788254D36AEF017B7E4CACA0815B2015BC509F83234FC2ED79019E7D8F3C5BFAD9ACE0037C9E8B38D1B5EFBF74863B8E36513EE829730075526975568984B6D5E9E47810D15FC628F30B7FCC667FD0C6F412584A6BD8873A5A1B4FE4682F62D3B0D07430647D342431B05D486378A7390EB219180F1814EEA532835073A8E170ACA1E96DBD67628144F82003394E1E59595F9085E7A47CE2617FE631061FB9230ECB0A1CD809DE4A2273D17806823E0561BAD46FAA69F8A43BF440D07267892A1A5CC91CCCF988C30989DC49B4E4C39D88D855A061681BBDDE1D84746917ABBBF02BD905CD878B15CD12927D7108E2FA2E9936E143B0DF47C936EF4B365F1677FB202C4F407E73B75C3CEDE224BF5C7E2D8AFDEBD52AAF48E727BB28CCD23C7D2C4EC274B7A25365757E7AFABBD5D9D96A57D358859CFA118F6DBA9AA8E9116C89905ABD7644DE45595E5C0745F0109417105C6D765236E9D847B12DDC56079EECC863DAEE13B7C5CAFF8573A6F65E1EED9E6ECFD277B497E5BB745587896AF52697A714EEC2200E32D335B857697CD825C8907535DDF64635965CFB0D4FA53D3B62A9C0E7493A2AADCF214B45E58758E25C60B5E41F218DAB30D744B4A0B06458F6592049B35E40E0485B5AC561C1D38E65B4C1096F6C04F5CF7CB074FAAFC78DC5B166ED4C18376CF358605CB3BC43605C5B5AC573C1798FE5B8C1AF4F4D53B8348AA529244D3D6F9AAB2A5922CD270B1ACD45941C91E61B9E4A7BFD144BA5FD6633EFEA6B24F979577FC353696E896489349FA696006348DCE62A916AAED5073EB2AC6353F19485CBAF58B24292756B37602B8F49EAB5A7C683045EA369EC659DAAA03FB6FA1144330D8EF6CCCE627C7A8722FB21D29455F1B62B220E149760612635976D704692E2020E35151FE2710C513186EA66AE0660E9696E0C50D3AA67D746DD4A30C3D1CC21D19B61D04412DCF3EC679389C0B853E045083DCDD19AC548297C3E1043A42C69986C113CD9A02B42D4B4DEA7DB03116C9BF6DBD456F69B3D89E3A872296309319F2D845C1A1E4A6E0B5D633EDB08CCEE5D4E5E58769FE758815F05D95620D37CC2D3B84D854540F561EA5D809F83986CA2A0DCB66709319F27DF51605FA0E738CC2658D17B8CB25043554CB6A15DBE607F4BC203FD1A649AA6ABF3D9D6F626A46A3790A7849C6A8102BAFE2C17F865B9B7BB20129009244FB33E9C6B9DD4B8FF0D5B27C144300B255549A528E89E3BE78481E2F9741D259FB624F7963927BCD9043B9B1EB4EA2DED7AE9BD727EB34B483C1A50D61E448320590569D8E3112E36AE16F063D51CA7F560A7B967821BC6F5C6027A52588F3D0CCD2434460E57528427946E6542F531CC20594BB979247B04B302AFD95AF183B92160734099271CF8D8C3F2A9CF8FF7B8602CD701E1315D6E24F824379AE76A9AE747372305DF31AFDA0070A67350082015AC4E689E64D5A905F0F1575D1D6348F23176A55F9076E81CF506E1AF0DBAB5C79CB2A4729BA77FF693DBEC513D24AAA3C5BDE729E98536C1925EF3A6A744AEF93EE631A88E52F5B4A748A8FAF88B534353E017A706859522DB288E168AD23EF93EECA69727F7FD2D0EE49B129C95818E86412DF00F46020A82CFF092A781F4A8A36CA43389960635649DDB9BE5903D0E1AE2532A1C2EDE4C61424E2FF081371215A6689B6CA906BAD710256DD0A51C83D717F7B0A16CF770C92F5B30F3711BC615221BA066B712644B3A2CF9CA0016F35A4F0E3A9319EAB8CBB3D6EEF7946CEEDA37B4E9CA8B1F475EF26A3B7195269BA8BAFFED262FDFDCECDEDBB4E696182CE40D9775B49F032CEB82E3A2928D111C7564A5805697D1B6EC97E3643B26C4DA3270308AC1204BB369CBE7476E6400E3A909C7440EA37E0F64ADD90BB1849E26DAD34B53C74196910FBE10A48A49B55926F125AD5744EA41D3C7B1DA0D9FC5B26A8D5A68B9E1501F393B5A974645A91DE7CCC895A27EC52C9D5DDB7CE97E7751BF4DC42D170A5C71B30CECADB89837D1BF62086E9D65B9A08CF9166DCAF0DBBBE7BC20BB9332C3C9DD5FE2AB38A2F3A1CFF02148A2479217F7E99F4972B93C3F3DA3EBC3377114E4753077135CFC5ABCAA15156D7CF643196D4C36BB9558DC3E66B9A492E79B1888582E673B747026441AFF89483869F1837E4AFA622552111F6B9708D497594625D32BE1F213A19808A82CFF1C1405C99276255D3C9B5F74576CDDD65524DF828CAE2633E05EDD9B64439E2E97FF57957BBD602F9CA969ACAB1CAFE874F992447F39D03CF7D9812CFECABD66FFE3A9750B5B2F10BE85FFB90B9EFECB9A56BBC5C830D4D4D19BFF5DD7A55E2D3E6514EDAF17A7659FB415ABDE9C97B0A67EE6048534ED26A7196742F11785B2662CCEFDE3ADF75EF281B899D16B64E019C440CB76E9E415627A09C5C79867EA675D50F34C7B306D9E6742F111E799B0A16A3BDDD81BB0385263C976955C1846B53935F431E5DAB3431FB4DA0D653FA2A03E471C32C2358DB186B639A4AC1BB8A1F02EA21D3956856DA31B11F573850735430EEB36A0A77AF1C04054D8DEF740B17768B063545B6E0C990F8556E3C4BDCA3DC32CE9413E1C8B31D59CBEF8B4D6D183A188F8C48D87266ADA3C245CE11147A50D46B59B0075A94122C28FA0B5930928926AB307C118AEF020FE300784764DE80A7A90E01B252FFCCC2F5D58356E92C1C1D4E6F905E0FE1781A708A2C68D84326EDA3C184CD111C7A38DC7B61D8FF6F677FC4294199AF31F7FEB09386ED28C89FAF6221CFBC06F57367624C6DF136182C37C74DEEF164B1365EE8354156E7E6CDB3E4CDCB907537DB6151517E0EDA1234090BA17AAEAA8746FE4D980F49AE8A19AAE51B3E742327B90C8E1E835E587C864641CC9E217BFB08342C1912B3B45F8376265D7951C51B1CE6CAA7231E81EC0DEC5A10F5C9B48F1E7DECD67399A1B8727D865DD8C2640081F8BD15C3DB931EE89DE515B13EE9A1B8D367DD0360E79E6F06C330A211A232292736AB4936F4CD16112EE98B7243C836B10AA06C169641CF9D9F0721803941CF7666A793C84B565301FC7EDC312E0A3B8AD293A8B56F90D7627E9AAF061B515B00D9911E7865AC08DBA1F8CC1809709A7709177D42618BD82E99A851BB4634B4D84F1AD474F25D0191A377D344EBBA629C3141D5B85B4B1E10315091B183E9014787CE840A30A09F73065B5EE244E14913BB21852382F0F14259C93078614D2C703B75107B978382FC4FDF86278690E172C3BCE96E65C5698172507C43ED8A90D89C078EA4115D560A528F4DEF24895C1131951791CED3C9002C67D59EE1E17012ED6FF148A890B1C3F2E4500C48DFBD2095DD8F8117B9571E1E2C7B20E4106FE38896D3DD1E1A29C893E9205D15A17FED23F83C8E76AFA59BDDC28A47C38C445B48FA9A55D3C5F2EA5EB2718928034AC0872DF7972BF96C851D542B2523604F1559AE445164472D0FFE72C4AC2681FC4606784DCA0DE32DE9F77B1EA2A1153AEC99E24A5FC02FAEDA9EEAE0A41939AB8C345A6E921D3CC4DF59B61CCC8F25BEAD5A0B69FF0F00004B4F816F748F0503EEE83F71CB50284FEF534BB4A274042E775A67ED57BD830EA50D1BBBCB1C498AFA320C276840C171B5A6043F7F48A43BD13C083F74C543E44C38CA9E0CBC80EAC9874EC40313E9783F5C31C1124EA0AA75023B52FC71A7697EC87AF4D6707AFFB864741EB3AC2A9A2F6DB2808503FC363E1F86935FAEA37169435CE36FCAD2B23422A7842C03C72607A14D8C98063C1813A1E7AD03A4107080B5C790283ADC1FF5E7F95A505286C6068AC75025854BE48BA67DC99716477E5AA41AC3FE081E0B8A4F5040AC533245897332B18D8AF77D5954E8502D442733006E65B644E39FEB6CB97F9479F1146238EFE7C3B50538EBEADFA997FF4E107317D8EFCF446C094236EA3F6671D6DF67682194CC1F9A4FF7C26A1AD2E3806B350F4809A63E351F2E16669CA89DFD93624E2E5B2E3DC8D045CFFE0B7DCA0A186C7F8A5A146F702989547F8F88831543E83A8E1AFE2F68498D393131BD074F7342B7053A57FC7D0811FC6D2D46FBA7C7C461C15B283BAD781B787567D63E7BCF0721D68D375D7432057F1C5B135F84BC52780227413B60A1FAD0F388B87EE9B15D29A5212BA14D43C214AFDA69985D3BA1572D87E5AD4AABFEF7B3A5428EEB4368CAAECA1C58E2D9BEA8299BEBC0A3DEA1AFCE248FB30929377AB0BB6047E38B5047BC3B777E4BDE52FB66E7D9AC44BA825C435B7A9433E50CB45EFE706EFD8D7575A5F2E370FE5DAAFF697E3B2C8AFDC4855727B0A52855C2A541DB78369AA8B5B934A7571A9505D4C0644C75A572CA99E3601AAA24E4350674E56A50A9834A88E2E19518DE81822D52566802A14F318EAEC3608A5CABA14A8966E37D33830AD63823C326D0A38346DA2817CBD472AD1AE3F4384CB14335979152B55216781AA9317E8E8AA75751A2AB3EF60650F1BFB58BF9183E866F590B0A90D9DD524D5DBA54075750FC522E9B37A5555139B4753679F4DAE9D7F0EC1E893BC60F2CBE257E7C0CC5917A00EA91EEC105224ADA8D880662870DFC57816BEBB085640BEB600138C2EB95CD379B15FB5BAFDA4E930A099AAA29A77F71C3A0CBB94025D46F89E0E6D3E575ED2305569B5CAB0EFBADA5D12E83ED2B792EB02AC29AB7EE8F5DFC48C103D0321C0EB9C07E1F33DA6B1DD374D3705155CCF12857EB5EF22E0FD06F4D2E423E7A5A3E38F27E4E2A5E9ADE6446C98FC756597439721F725A0CB462F27AEC9ACD956B5177EC376B8A273EDB0494D19DC790676761A05253BA5A83AAAF65C19D8D1694C0FDEFF42D549D841636007C79D9B2A5703A08B28AF04AF62691A106B8FD1013EE08FDDBDDA5CAA0525F8CAA84FB60047C43AAE984E94552784506F8E9321F073C466A0680E4D47630AB32A573E473B1E6BEA2771F19C918F017D770E77EC373AC3C06758653E19CFA8E0532AA6F9DD370D1BB833297359F7EE2A4E55D41DC71CC3980E62E40EB1A966B688C72E36F434AC92DEB6ECD22E56F5FE51F381FE94DEB0BC58DD1E92F2F29AFAD735C9A36D4FA27CB333212177E4D0E5B9491ED3F6604468519B45BC1688027F1314C19BAC881E83B0A0C921C9F328D92E17B4EB87727DB87B209B9BE4D3A1D81F0ADA65B27B889F5966942728BAFA2F56529B2F3EEDCB5FB98F2ED42354904FC91F0F51BCE9DAFD0EB8605241A23C9A692E4F29C7B2282F51D93E77943EA6099250C3BEEE44E99EECF63125967F4AEE826FC4A56D5F72F29E6C83F0F973F314A99A88792078B65F5C47C1360B767943A32F4F7F520C6F764FBFFF1773A75AD1EF410100, N'6.2.0-61023')
SET IDENTITY_INSERT [dbo].[Reportes] ON 

INSERT [dbo].[Reportes] ([ReporteId], [FechaInicio], [FechaFinal], [EstadoId], [Estatus], [Identificador], [Nombre], [Marca], [Modelo], [Precio], [Serial], [Fecha], [Sede], [Laboratorio], [SedeId], [LaboratorioId], [Reporte_ReporteId], [UsuarioId]) VALUES (1, CAST(N'2019-11-01T00:00:00.000' AS DateTime), CAST(N'2020-07-09T00:00:00.000' AS DateTime), 1, N'Activo', N'29031025', N'Modem', N'AURORO', N'TL980102', N'2642900', N'178Y488JW351358P38', CAST(N'2019-12-31T00:00:00.000' AS DateTime), N'Campus Fraternidad', N'Redes', 2, 6, NULL, 0)
INSERT [dbo].[Reportes] ([ReporteId], [FechaInicio], [FechaFinal], [EstadoId], [Estatus], [Identificador], [Nombre], [Marca], [Modelo], [Precio], [Serial], [Fecha], [Sede], [Laboratorio], [SedeId], [LaboratorioId], [Reporte_ReporteId], [UsuarioId]) VALUES (2, CAST(N'2019-11-01T00:00:00.000' AS DateTime), CAST(N'2020-07-09T00:00:00.000' AS DateTime), 1, N'Activo', N'17773799', N'Swich', N'TELNET', N'TL980101', N'3883400', N'465F259BX238646Z40', CAST(N'2019-11-17T00:00:00.000' AS DateTime), N'Campus Fraternidad', N'Redes', 2, 6, NULL, 0)
INSERT [dbo].[Reportes] ([ReporteId], [FechaInicio], [FechaFinal], [EstadoId], [Estatus], [Identificador], [Nombre], [Marca], [Modelo], [Precio], [Serial], [Fecha], [Sede], [Laboratorio], [SedeId], [LaboratorioId], [Reporte_ReporteId], [UsuarioId]) VALUES (3, CAST(N'2019-11-01T00:00:00.000' AS DateTime), CAST(N'2020-07-09T00:00:00.000' AS DateTime), 1, N'Activo', N'36215307', N'Ponchadora', N'AURORO', N'TL980104', N'4612400', N'519P694HB918644T9', CAST(N'2020-01-26T00:00:00.000' AS DateTime), N'Campus Fraternidad', N'Redes', 2, 6, NULL, 0)
INSERT [dbo].[Reportes] ([ReporteId], [FechaInicio], [FechaFinal], [EstadoId], [Estatus], [Identificador], [Nombre], [Marca], [Modelo], [Precio], [Serial], [Fecha], [Sede], [Laboratorio], [SedeId], [LaboratorioId], [Reporte_ReporteId], [UsuarioId]) VALUES (4, CAST(N'2019-11-01T00:00:00.000' AS DateTime), CAST(N'2020-07-09T00:00:00.000' AS DateTime), 1, N'Activo', N'15558347', N'Ponchadora', N'HP', N'TL980105', N'4946700', N'283M418PJ748205N23', CAST(N'2019-12-01T00:00:00.000' AS DateTime), N'Campus Fraternidad', N'Redes', 2, 6, NULL, 0)
INSERT [dbo].[Reportes] ([ReporteId], [FechaInicio], [FechaFinal], [EstadoId], [Estatus], [Identificador], [Nombre], [Marca], [Modelo], [Precio], [Serial], [Fecha], [Sede], [Laboratorio], [SedeId], [LaboratorioId], [Reporte_ReporteId], [UsuarioId]) VALUES (5, CAST(N'2019-11-01T00:00:00.000' AS DateTime), CAST(N'2020-07-09T00:00:00.000' AS DateTime), 1, N'Activo', N'79962403', N'Computador', N'HP', N'TL980106', N'4520500', N'163E663CW903934P11', CAST(N'2019-12-27T00:00:00.000' AS DateTime), N'Campus Fraternidad', N'Redes', 2, 6, NULL, 0)
INSERT [dbo].[Reportes] ([ReporteId], [FechaInicio], [FechaFinal], [EstadoId], [Estatus], [Identificador], [Nombre], [Marca], [Modelo], [Precio], [Serial], [Fecha], [Sede], [Laboratorio], [SedeId], [LaboratorioId], [Reporte_ReporteId], [UsuarioId]) VALUES (6, CAST(N'2019-11-01T00:00:00.000' AS DateTime), CAST(N'2020-07-09T00:00:00.000' AS DateTime), 1, N'Activo', N'25631961', N'Computador', N'DELL', N'TL980107', N'3624700', N'189T366YQ803881Z34', CAST(N'2019-12-06T00:00:00.000' AS DateTime), N'Campus Fraternidad', N'Redes', 2, 6, NULL, 0)
INSERT [dbo].[Reportes] ([ReporteId], [FechaInicio], [FechaFinal], [EstadoId], [Estatus], [Identificador], [Nombre], [Marca], [Modelo], [Precio], [Serial], [Fecha], [Sede], [Laboratorio], [SedeId], [LaboratorioId], [Reporte_ReporteId], [UsuarioId]) VALUES (7, CAST(N'2019-11-01T00:00:00.000' AS DateTime), CAST(N'2020-07-09T00:00:00.000' AS DateTime), 1, N'Activo', N'49644701', N'Accespoint', N'TPLINK', N'TL980108', N'3791100', N'813X875QE121206A45', CAST(N'2019-12-16T00:00:00.000' AS DateTime), N'Campus Fraternidad', N'Redes', 2, 6, NULL, 0)
INSERT [dbo].[Reportes] ([ReporteId], [FechaInicio], [FechaFinal], [EstadoId], [Estatus], [Identificador], [Nombre], [Marca], [Modelo], [Precio], [Serial], [Fecha], [Sede], [Laboratorio], [SedeId], [LaboratorioId], [Reporte_ReporteId], [UsuarioId]) VALUES (8, CAST(N'2019-11-01T00:00:00.000' AS DateTime), CAST(N'2020-07-09T00:00:00.000' AS DateTime), 1, N'Activo', N'92636569', N'Multimetro', N'ARUBA', N'TL980110', N'3288800', N'352P675MO657368Q33', CAST(N'2019-12-25T00:00:00.000' AS DateTime), N'Campus Fraternidad', N'Redes', 2, 6, NULL, 0)
INSERT [dbo].[Reportes] ([ReporteId], [FechaInicio], [FechaFinal], [EstadoId], [Estatus], [Identificador], [Nombre], [Marca], [Modelo], [Precio], [Serial], [Fecha], [Sede], [Laboratorio], [SedeId], [LaboratorioId], [Reporte_ReporteId], [UsuarioId]) VALUES (9, CAST(N'2019-11-01T00:00:00.000' AS DateTime), CAST(N'2020-07-09T00:00:00.000' AS DateTime), 1, N'Activo', N'68771144', N'Espectometro', N'ARUBA', N'TL980111', N'3529700', N'814C328DB422509S9', CAST(N'2019-11-27T00:00:00.000' AS DateTime), N'Campus Fraternidad', N'Redes', 2, 6, NULL, 0)
INSERT [dbo].[Reportes] ([ReporteId], [FechaInicio], [FechaFinal], [EstadoId], [Estatus], [Identificador], [Nombre], [Marca], [Modelo], [Precio], [Serial], [Fecha], [Sede], [Laboratorio], [SedeId], [LaboratorioId], [Reporte_ReporteId], [UsuarioId]) VALUES (10, CAST(N'2019-11-01T00:00:00.000' AS DateTime), CAST(N'2020-07-09T00:00:00.000' AS DateTime), 1, N'Activo', N'45961265', N'Osciloscopio', N'HWAWEY', N'TL980112', N'3776300', N'518R653DJ348477W40', CAST(N'2019-11-07T00:00:00.000' AS DateTime), N'Campus Fraternidad', N'Redes', 2, 6, NULL, 0)
INSERT [dbo].[Reportes] ([ReporteId], [FechaInicio], [FechaFinal], [EstadoId], [Estatus], [Identificador], [Nombre], [Marca], [Modelo], [Precio], [Serial], [Fecha], [Sede], [Laboratorio], [SedeId], [LaboratorioId], [Reporte_ReporteId], [UsuarioId]) VALUES (11, CAST(N'2019-11-01T00:00:00.000' AS DateTime), CAST(N'2020-07-09T00:00:00.000' AS DateTime), 1, N'Activo', N'14817498', N'Multimetro', N'HP', N'H06043', N'2516800', N'886S163WI883406Q14', CAST(N'2019-11-21T00:00:00.000' AS DateTime), N'Campus Robledo', N'Circuitos', 1, 3, NULL, 0)
INSERT [dbo].[Reportes] ([ReporteId], [FechaInicio], [FechaFinal], [EstadoId], [Estatus], [Identificador], [Nombre], [Marca], [Modelo], [Precio], [Serial], [Fecha], [Sede], [Laboratorio], [SedeId], [LaboratorioId], [Reporte_ReporteId], [UsuarioId]) VALUES (12, CAST(N'2019-11-01T00:00:00.000' AS DateTime), CAST(N'2020-07-09T00:00:00.000' AS DateTime), 1, N'Activo', N'14848009', N'Computador', N'KOALA', N'KA43526', N'3587600', N'197O819KF386854A52', CAST(N'2020-02-25T00:00:00.000' AS DateTime), N'Campus Robledo', N'Circuitos', 1, 3, NULL, 0)
INSERT [dbo].[Reportes] ([ReporteId], [FechaInicio], [FechaFinal], [EstadoId], [Estatus], [Identificador], [Nombre], [Marca], [Modelo], [Precio], [Serial], [Fecha], [Sede], [Laboratorio], [SedeId], [LaboratorioId], [Reporte_ReporteId], [UsuarioId]) VALUES (13, CAST(N'2019-10-16T00:00:00.000' AS DateTime), CAST(N'2020-07-09T00:00:00.000' AS DateTime), 1, N'Activo', N'29031025', N'Modem', N'AURORO', N'TL980102', N'2642900', N'178Y488JW351358P38', CAST(N'2019-12-31T00:00:00.000' AS DateTime), N'Campus Fraternidad', N'Redes', 2, 6, NULL, 0)
INSERT [dbo].[Reportes] ([ReporteId], [FechaInicio], [FechaFinal], [EstadoId], [Estatus], [Identificador], [Nombre], [Marca], [Modelo], [Precio], [Serial], [Fecha], [Sede], [Laboratorio], [SedeId], [LaboratorioId], [Reporte_ReporteId], [UsuarioId]) VALUES (14, CAST(N'2019-10-16T00:00:00.000' AS DateTime), CAST(N'2020-07-09T00:00:00.000' AS DateTime), 1, N'Activo', N'17773799', N'Swich', N'TELNET', N'TL980101', N'3883400', N'465F259BX238646Z40', CAST(N'2019-11-17T00:00:00.000' AS DateTime), N'Campus Fraternidad', N'Redes', 2, 6, NULL, 0)
INSERT [dbo].[Reportes] ([ReporteId], [FechaInicio], [FechaFinal], [EstadoId], [Estatus], [Identificador], [Nombre], [Marca], [Modelo], [Precio], [Serial], [Fecha], [Sede], [Laboratorio], [SedeId], [LaboratorioId], [Reporte_ReporteId], [UsuarioId]) VALUES (15, CAST(N'2019-10-16T00:00:00.000' AS DateTime), CAST(N'2020-07-09T00:00:00.000' AS DateTime), 1, N'Activo', N'36215307', N'Ponchadora', N'AURORO', N'TL980104', N'4612400', N'519P694HB918644T9', CAST(N'2020-01-26T00:00:00.000' AS DateTime), N'Campus Fraternidad', N'Redes', 2, 6, NULL, 0)
INSERT [dbo].[Reportes] ([ReporteId], [FechaInicio], [FechaFinal], [EstadoId], [Estatus], [Identificador], [Nombre], [Marca], [Modelo], [Precio], [Serial], [Fecha], [Sede], [Laboratorio], [SedeId], [LaboratorioId], [Reporte_ReporteId], [UsuarioId]) VALUES (16, CAST(N'2019-10-16T00:00:00.000' AS DateTime), CAST(N'2020-07-09T00:00:00.000' AS DateTime), 1, N'Activo', N'15558347', N'Ponchadora', N'HP', N'TL980105', N'4946700', N'283M418PJ748205N23', CAST(N'2019-12-01T00:00:00.000' AS DateTime), N'Campus Fraternidad', N'Redes', 2, 6, NULL, 0)
INSERT [dbo].[Reportes] ([ReporteId], [FechaInicio], [FechaFinal], [EstadoId], [Estatus], [Identificador], [Nombre], [Marca], [Modelo], [Precio], [Serial], [Fecha], [Sede], [Laboratorio], [SedeId], [LaboratorioId], [Reporte_ReporteId], [UsuarioId]) VALUES (17, CAST(N'2019-10-16T00:00:00.000' AS DateTime), CAST(N'2020-07-09T00:00:00.000' AS DateTime), 1, N'Activo', N'79962403', N'Computador', N'HP', N'TL980106', N'4520500', N'163E663CW903934P11', CAST(N'2019-12-27T00:00:00.000' AS DateTime), N'Campus Fraternidad', N'Redes', 2, 6, NULL, 0)
INSERT [dbo].[Reportes] ([ReporteId], [FechaInicio], [FechaFinal], [EstadoId], [Estatus], [Identificador], [Nombre], [Marca], [Modelo], [Precio], [Serial], [Fecha], [Sede], [Laboratorio], [SedeId], [LaboratorioId], [Reporte_ReporteId], [UsuarioId]) VALUES (18, CAST(N'2019-10-16T00:00:00.000' AS DateTime), CAST(N'2020-07-09T00:00:00.000' AS DateTime), 1, N'Activo', N'25631961', N'Computador', N'DELL', N'TL980107', N'3624700', N'189T366YQ803881Z34', CAST(N'2019-12-06T00:00:00.000' AS DateTime), N'Campus Fraternidad', N'Redes', 2, 6, NULL, 0)
INSERT [dbo].[Reportes] ([ReporteId], [FechaInicio], [FechaFinal], [EstadoId], [Estatus], [Identificador], [Nombre], [Marca], [Modelo], [Precio], [Serial], [Fecha], [Sede], [Laboratorio], [SedeId], [LaboratorioId], [Reporte_ReporteId], [UsuarioId]) VALUES (19, CAST(N'2019-10-16T00:00:00.000' AS DateTime), CAST(N'2020-07-09T00:00:00.000' AS DateTime), 1, N'Activo', N'49644701', N'Accespoint', N'TPLINK', N'TL980108', N'3791100', N'813X875QE121206A45', CAST(N'2019-12-16T00:00:00.000' AS DateTime), N'Campus Fraternidad', N'Redes', 2, 6, NULL, 0)
INSERT [dbo].[Reportes] ([ReporteId], [FechaInicio], [FechaFinal], [EstadoId], [Estatus], [Identificador], [Nombre], [Marca], [Modelo], [Precio], [Serial], [Fecha], [Sede], [Laboratorio], [SedeId], [LaboratorioId], [Reporte_ReporteId], [UsuarioId]) VALUES (20, CAST(N'2019-10-16T00:00:00.000' AS DateTime), CAST(N'2020-07-09T00:00:00.000' AS DateTime), 1, N'Activo', N'92636569', N'Multimetro', N'ARUBA', N'TL980110', N'3288800', N'352P675MO657368Q33', CAST(N'2019-12-25T00:00:00.000' AS DateTime), N'Campus Fraternidad', N'Redes', 2, 6, NULL, 0)
INSERT [dbo].[Reportes] ([ReporteId], [FechaInicio], [FechaFinal], [EstadoId], [Estatus], [Identificador], [Nombre], [Marca], [Modelo], [Precio], [Serial], [Fecha], [Sede], [Laboratorio], [SedeId], [LaboratorioId], [Reporte_ReporteId], [UsuarioId]) VALUES (21, CAST(N'2019-10-16T00:00:00.000' AS DateTime), CAST(N'2020-07-09T00:00:00.000' AS DateTime), 1, N'Activo', N'68771144', N'Espectometro', N'ARUBA', N'TL980111', N'3529700', N'814C328DB422509S9', CAST(N'2019-11-27T00:00:00.000' AS DateTime), N'Campus Fraternidad', N'Redes', 2, 6, NULL, 0)
INSERT [dbo].[Reportes] ([ReporteId], [FechaInicio], [FechaFinal], [EstadoId], [Estatus], [Identificador], [Nombre], [Marca], [Modelo], [Precio], [Serial], [Fecha], [Sede], [Laboratorio], [SedeId], [LaboratorioId], [Reporte_ReporteId], [UsuarioId]) VALUES (22, CAST(N'2019-10-16T00:00:00.000' AS DateTime), CAST(N'2020-07-09T00:00:00.000' AS DateTime), 1, N'Activo', N'45961265', N'Osciloscopio', N'HWAWEY', N'TL980112', N'3776300', N'518R653DJ348477W40', CAST(N'2019-11-07T00:00:00.000' AS DateTime), N'Campus Fraternidad', N'Redes', 2, 6, NULL, 0)
INSERT [dbo].[Reportes] ([ReporteId], [FechaInicio], [FechaFinal], [EstadoId], [Estatus], [Identificador], [Nombre], [Marca], [Modelo], [Precio], [Serial], [Fecha], [Sede], [Laboratorio], [SedeId], [LaboratorioId], [Reporte_ReporteId], [UsuarioId]) VALUES (23, CAST(N'2019-12-03T00:00:00.000' AS DateTime), CAST(N'2020-07-10T00:00:00.000' AS DateTime), 1, N'Activo', N'29031025', N'Modem', N'AURORO', N'TL980102', N'2642900', N'178Y488JW351358P38', CAST(N'2019-12-31T00:00:00.000' AS DateTime), N'Campus Fraternidad', N'Redes', 2, 6, NULL, 0)
INSERT [dbo].[Reportes] ([ReporteId], [FechaInicio], [FechaFinal], [EstadoId], [Estatus], [Identificador], [Nombre], [Marca], [Modelo], [Precio], [Serial], [Fecha], [Sede], [Laboratorio], [SedeId], [LaboratorioId], [Reporte_ReporteId], [UsuarioId]) VALUES (24, CAST(N'2019-12-03T00:00:00.000' AS DateTime), CAST(N'2020-07-10T00:00:00.000' AS DateTime), 1, N'Activo', N'36215307', N'Ponchadora', N'AURORO', N'TL980104', N'4612400', N'519P694HB918644T9', CAST(N'2020-01-26T00:00:00.000' AS DateTime), N'Campus Fraternidad', N'Redes', 2, 6, NULL, 0)
INSERT [dbo].[Reportes] ([ReporteId], [FechaInicio], [FechaFinal], [EstadoId], [Estatus], [Identificador], [Nombre], [Marca], [Modelo], [Precio], [Serial], [Fecha], [Sede], [Laboratorio], [SedeId], [LaboratorioId], [Reporte_ReporteId], [UsuarioId]) VALUES (25, CAST(N'2019-12-03T00:00:00.000' AS DateTime), CAST(N'2020-07-10T00:00:00.000' AS DateTime), 1, N'Activo', N'79962403', N'Computador', N'HP', N'TL980106', N'4520500', N'163E663CW903934P11', CAST(N'2019-12-27T00:00:00.000' AS DateTime), N'Campus Fraternidad', N'Redes', 2, 6, NULL, 0)
INSERT [dbo].[Reportes] ([ReporteId], [FechaInicio], [FechaFinal], [EstadoId], [Estatus], [Identificador], [Nombre], [Marca], [Modelo], [Precio], [Serial], [Fecha], [Sede], [Laboratorio], [SedeId], [LaboratorioId], [Reporte_ReporteId], [UsuarioId]) VALUES (26, CAST(N'2019-12-03T00:00:00.000' AS DateTime), CAST(N'2020-07-10T00:00:00.000' AS DateTime), 1, N'Activo', N'25631961', N'Computador', N'DELL', N'TL980107', N'3624700', N'189T366YQ803881Z34', CAST(N'2019-12-06T00:00:00.000' AS DateTime), N'Campus Fraternidad', N'Redes', 2, 6, NULL, 0)
INSERT [dbo].[Reportes] ([ReporteId], [FechaInicio], [FechaFinal], [EstadoId], [Estatus], [Identificador], [Nombre], [Marca], [Modelo], [Precio], [Serial], [Fecha], [Sede], [Laboratorio], [SedeId], [LaboratorioId], [Reporte_ReporteId], [UsuarioId]) VALUES (27, CAST(N'2019-12-03T00:00:00.000' AS DateTime), CAST(N'2020-07-10T00:00:00.000' AS DateTime), 1, N'Activo', N'49644701', N'Accespoint', N'TPLINK', N'TL980108', N'3791100', N'813X875QE121206A45', CAST(N'2019-12-16T00:00:00.000' AS DateTime), N'Campus Fraternidad', N'Redes', 2, 6, NULL, 0)
INSERT [dbo].[Reportes] ([ReporteId], [FechaInicio], [FechaFinal], [EstadoId], [Estatus], [Identificador], [Nombre], [Marca], [Modelo], [Precio], [Serial], [Fecha], [Sede], [Laboratorio], [SedeId], [LaboratorioId], [Reporte_ReporteId], [UsuarioId]) VALUES (28, CAST(N'2019-12-03T00:00:00.000' AS DateTime), CAST(N'2020-07-10T00:00:00.000' AS DateTime), 1, N'Activo', N'92636569', N'Multimetro', N'ARUBA', N'TL980110', N'3288800', N'352P675MO657368Q33', CAST(N'2019-12-25T00:00:00.000' AS DateTime), N'Campus Fraternidad', N'Redes', 2, 6, NULL, 0)
INSERT [dbo].[Reportes] ([ReporteId], [FechaInicio], [FechaFinal], [EstadoId], [Estatus], [Identificador], [Nombre], [Marca], [Modelo], [Precio], [Serial], [Fecha], [Sede], [Laboratorio], [SedeId], [LaboratorioId], [Reporte_ReporteId], [UsuarioId]) VALUES (74, CAST(N'2019-09-07T00:00:00.000' AS DateTime), CAST(N'2020-07-10T00:00:00.000' AS DateTime), 1, N'Activo', N'29031025', N'Modem', N'AURORO', N'TL980102', N'2642900', N'178Y488JW351358P38', CAST(N'2019-12-31T00:00:00.000' AS DateTime), N'Campus Fraternidad', N'Redes', 2, 6, NULL, 1)
INSERT [dbo].[Reportes] ([ReporteId], [FechaInicio], [FechaFinal], [EstadoId], [Estatus], [Identificador], [Nombre], [Marca], [Modelo], [Precio], [Serial], [Fecha], [Sede], [Laboratorio], [SedeId], [LaboratorioId], [Reporte_ReporteId], [UsuarioId]) VALUES (75, CAST(N'2019-09-07T00:00:00.000' AS DateTime), CAST(N'2020-07-10T00:00:00.000' AS DateTime), 1, N'Activo', N'17773799', N'Swich', N'TELNET', N'TL980101', N'3883400', N'465F259BX238646Z40', CAST(N'2019-11-17T00:00:00.000' AS DateTime), N'Campus Fraternidad', N'Redes', 2, 6, NULL, 1)
INSERT [dbo].[Reportes] ([ReporteId], [FechaInicio], [FechaFinal], [EstadoId], [Estatus], [Identificador], [Nombre], [Marca], [Modelo], [Precio], [Serial], [Fecha], [Sede], [Laboratorio], [SedeId], [LaboratorioId], [Reporte_ReporteId], [UsuarioId]) VALUES (76, CAST(N'2019-09-07T00:00:00.000' AS DateTime), CAST(N'2020-07-10T00:00:00.000' AS DateTime), 1, N'Activo', N'21120559', N'Probador de Red', N'HWAWEY', N'TL980103', N'2754800', N'743E439KZ827709D42', CAST(N'2019-09-17T00:00:00.000' AS DateTime), N'Campus Fraternidad', N'Redes', 2, 6, NULL, 1)
INSERT [dbo].[Reportes] ([ReporteId], [FechaInicio], [FechaFinal], [EstadoId], [Estatus], [Identificador], [Nombre], [Marca], [Modelo], [Precio], [Serial], [Fecha], [Sede], [Laboratorio], [SedeId], [LaboratorioId], [Reporte_ReporteId], [UsuarioId]) VALUES (77, CAST(N'2019-09-07T00:00:00.000' AS DateTime), CAST(N'2020-07-10T00:00:00.000' AS DateTime), 1, N'Activo', N'36215307', N'Ponchadora', N'AURORO', N'TL980104', N'4612400', N'519P694HB918644T9', CAST(N'2020-01-26T00:00:00.000' AS DateTime), N'Campus Fraternidad', N'Redes', 2, 6, NULL, 1)
INSERT [dbo].[Reportes] ([ReporteId], [FechaInicio], [FechaFinal], [EstadoId], [Estatus], [Identificador], [Nombre], [Marca], [Modelo], [Precio], [Serial], [Fecha], [Sede], [Laboratorio], [SedeId], [LaboratorioId], [Reporte_ReporteId], [UsuarioId]) VALUES (78, CAST(N'2019-09-07T00:00:00.000' AS DateTime), CAST(N'2020-07-10T00:00:00.000' AS DateTime), 1, N'Activo', N'15558347', N'Ponchadora', N'HP', N'TL980105', N'4946700', N'283M418PJ748205N23', CAST(N'2019-12-01T00:00:00.000' AS DateTime), N'Campus Fraternidad', N'Redes', 2, 6, NULL, 1)
INSERT [dbo].[Reportes] ([ReporteId], [FechaInicio], [FechaFinal], [EstadoId], [Estatus], [Identificador], [Nombre], [Marca], [Modelo], [Precio], [Serial], [Fecha], [Sede], [Laboratorio], [SedeId], [LaboratorioId], [Reporte_ReporteId], [UsuarioId]) VALUES (79, CAST(N'2019-09-07T00:00:00.000' AS DateTime), CAST(N'2020-07-10T00:00:00.000' AS DateTime), 1, N'Activo', N'79962403', N'Computador', N'HP', N'TL980106', N'4520500', N'163E663CW903934P11', CAST(N'2019-12-27T00:00:00.000' AS DateTime), N'Campus Fraternidad', N'Redes', 2, 6, NULL, 1)
INSERT [dbo].[Reportes] ([ReporteId], [FechaInicio], [FechaFinal], [EstadoId], [Estatus], [Identificador], [Nombre], [Marca], [Modelo], [Precio], [Serial], [Fecha], [Sede], [Laboratorio], [SedeId], [LaboratorioId], [Reporte_ReporteId], [UsuarioId]) VALUES (80, CAST(N'2019-09-07T00:00:00.000' AS DateTime), CAST(N'2020-07-10T00:00:00.000' AS DateTime), 1, N'Activo', N'25631961', N'Computador', N'DELL', N'TL980107', N'3624700', N'189T366YQ803881Z34', CAST(N'2019-12-06T00:00:00.000' AS DateTime), N'Campus Fraternidad', N'Redes', 2, 6, NULL, 1)
INSERT [dbo].[Reportes] ([ReporteId], [FechaInicio], [FechaFinal], [EstadoId], [Estatus], [Identificador], [Nombre], [Marca], [Modelo], [Precio], [Serial], [Fecha], [Sede], [Laboratorio], [SedeId], [LaboratorioId], [Reporte_ReporteId], [UsuarioId]) VALUES (81, CAST(N'2019-09-07T00:00:00.000' AS DateTime), CAST(N'2020-07-10T00:00:00.000' AS DateTime), 1, N'Activo', N'49644701', N'Accespoint', N'TPLINK', N'TL980108', N'3791100', N'813X875QE121206A45', CAST(N'2019-12-16T00:00:00.000' AS DateTime), N'Campus Fraternidad', N'Redes', 2, 6, NULL, 1)
INSERT [dbo].[Reportes] ([ReporteId], [FechaInicio], [FechaFinal], [EstadoId], [Estatus], [Identificador], [Nombre], [Marca], [Modelo], [Precio], [Serial], [Fecha], [Sede], [Laboratorio], [SedeId], [LaboratorioId], [Reporte_ReporteId], [UsuarioId]) VALUES (82, CAST(N'2019-09-07T00:00:00.000' AS DateTime), CAST(N'2020-07-10T00:00:00.000' AS DateTime), 1, N'Activo', N'92636569', N'Multimetro', N'ARUBA', N'TL980110', N'3288800', N'352P675MO657368Q33', CAST(N'2019-12-25T00:00:00.000' AS DateTime), N'Campus Fraternidad', N'Redes', 2, 6, NULL, 1)
INSERT [dbo].[Reportes] ([ReporteId], [FechaInicio], [FechaFinal], [EstadoId], [Estatus], [Identificador], [Nombre], [Marca], [Modelo], [Precio], [Serial], [Fecha], [Sede], [Laboratorio], [SedeId], [LaboratorioId], [Reporte_ReporteId], [UsuarioId]) VALUES (83, CAST(N'2019-09-07T00:00:00.000' AS DateTime), CAST(N'2020-07-10T00:00:00.000' AS DateTime), 1, N'Activo', N'68771144', N'Espectometro', N'ARUBA', N'TL980111', N'3529700', N'814C328DB422509S9', CAST(N'2019-11-27T00:00:00.000' AS DateTime), N'Campus Fraternidad', N'Redes', 2, 6, NULL, 1)
INSERT [dbo].[Reportes] ([ReporteId], [FechaInicio], [FechaFinal], [EstadoId], [Estatus], [Identificador], [Nombre], [Marca], [Modelo], [Precio], [Serial], [Fecha], [Sede], [Laboratorio], [SedeId], [LaboratorioId], [Reporte_ReporteId], [UsuarioId]) VALUES (84, CAST(N'2019-09-07T00:00:00.000' AS DateTime), CAST(N'2020-07-10T00:00:00.000' AS DateTime), 1, N'Activo', N'45961265', N'Osciloscopio', N'HWAWEY', N'TL980112', N'3776300', N'518R653DJ348477W40', CAST(N'2019-11-07T00:00:00.000' AS DateTime), N'Campus Fraternidad', N'Redes', 2, 6, NULL, 1)
INSERT [dbo].[Reportes] ([ReporteId], [FechaInicio], [FechaFinal], [EstadoId], [Estatus], [Identificador], [Nombre], [Marca], [Modelo], [Precio], [Serial], [Fecha], [Sede], [Laboratorio], [SedeId], [LaboratorioId], [Reporte_ReporteId], [UsuarioId]) VALUES (85, CAST(N'2019-09-07T00:00:00.000' AS DateTime), CAST(N'2020-07-10T00:00:00.000' AS DateTime), 1, N'Activo', N'90483746', N'Medidor de carga monofasico', N'TELNET', N'TL980113', N'2822800', N'329C469LS524227P40', CAST(N'2019-09-11T00:00:00.000' AS DateTime), N'Campus Fraternidad', N'Redes', 2, 6, NULL, 1)
SET IDENTITY_INSERT [dbo].[Reportes] OFF
SET IDENTITY_INSERT [dbo].[ReporteValidacions] ON 

INSERT [dbo].[ReporteValidacions] ([ReporteValidacionId], [Sede], [Laboratorio], [Centro_de_costo], [Firma1], [Firma2], [Identificador], [Dispositivo], [Precio], [ObservacionFirmas], [Fecha_compra], [Observaciones], [Estado_Validacion], [ReporteValidacion_ReporteValidacionId], [UsuarioId]) VALUES (153, NULL, NULL, NULL, NULL, NULL, NULL, NULL, N' ', N'Debe agregar las firmas antes de exportar el reporte de validacion', N' ', NULL, NULL, NULL, 0)
INSERT [dbo].[ReporteValidacions] ([ReporteValidacionId], [Sede], [Laboratorio], [Centro_de_costo], [Firma1], [Firma2], [Identificador], [Dispositivo], [Precio], [ObservacionFirmas], [Fecha_compra], [Observaciones], [Estado_Validacion], [ReporteValidacion_ReporteValidacionId], [UsuarioId]) VALUES (178, NULL, NULL, NULL, NULL, NULL, NULL, NULL, N' ', N'Debe agregar las firmas antes de exportar el reporte de validacion', N' ', NULL, NULL, NULL, 0)
INSERT [dbo].[ReporteValidacions] ([ReporteValidacionId], [Sede], [Laboratorio], [Centro_de_costo], [Firma1], [Firma2], [Identificador], [Dispositivo], [Precio], [ObservacionFirmas], [Fecha_compra], [Observaciones], [Estado_Validacion], [ReporteValidacion_ReporteValidacionId], [UsuarioId]) VALUES (183, NULL, NULL, NULL, NULL, NULL, NULL, NULL, N' ', N'Debe agregar las firmas antes de exportar el reporte de validacion', N' ', NULL, NULL, NULL, 0)
INSERT [dbo].[ReporteValidacions] ([ReporteValidacionId], [Sede], [Laboratorio], [Centro_de_costo], [Firma1], [Firma2], [Identificador], [Dispositivo], [Precio], [ObservacionFirmas], [Fecha_compra], [Observaciones], [Estado_Validacion], [ReporteValidacion_ReporteValidacionId], [UsuarioId]) VALUES (184, NULL, NULL, NULL, NULL, NULL, NULL, NULL, N' ', N'Debe agregar las firmas antes de exportar el reporte de validacion', N' ', NULL, NULL, NULL, 0)
SET IDENTITY_INSERT [dbo].[ReporteValidacions] OFF
